county_id,state,county
1001,ALABAMA,AUTAUGA
1003,ALABAMA,BALDWIN
1005,ALABAMA,BARBOUR
1007,ALABAMA,BIBB
1009,ALABAMA,BLOUNT
1011,ALABAMA,BULLOCK
1013,ALABAMA,BUTLER
1015,ALABAMA,CALHOUN
1017,ALABAMA,CHAMBERS
1019,ALABAMA,CHEROKEE
1021,ALABAMA,CHILTON
1023,ALABAMA,CHOCTAW
1025,ALABAMA,CLARKE
1027,ALABAMA,CLAY
1029,ALABAMA,CLEBURNE
1031,ALABAMA,COFFEE
1033,ALABAMA,COLBERT
1035,ALABAMA,CONECUH
1037,ALABAMA,COOSA
1039,ALABAMA,COVINGTON
1041,ALABAMA,CRENSHAW
1043,ALABAMA,CULLMAN
1045,ALABAMA,DALE
1047,ALABAMA,DALLAS
1049,ALABAMA,DEKALB
1051,ALABAMA,ELMORE
1053,ALABAMA,ESCAMBIA
1055,ALABAMA,ETOWAH
1057,ALABAMA,FAYETTE
1059,ALABAMA,FRANKLIN
1061,ALABAMA,GENEVA
1063,ALABAMA,GREENE
1065,ALABAMA,HALE
1067,ALABAMA,HENRY
1069,ALABAMA,HOUSTON
1071,ALABAMA,JACKSON
1073,ALABAMA,JEFFERSON
1075,ALABAMA,LAMAR
1077,ALABAMA,LAUDERDALE
1079,ALABAMA,LAWRENCE
1081,ALABAMA,LEE
1083,ALABAMA,LIMESTONE
1085,ALABAMA,LOWNDES
1087,ALABAMA,MACON
1089,ALABAMA,MADISON
1091,ALABAMA,MARENGO
1093,ALABAMA,MARION
1095,ALABAMA,MARSHALL
1097,ALABAMA,MOBILE
1099,ALABAMA,MONROE
1101,ALABAMA,MONTGOMERY
1103,ALABAMA,MORGAN
1105,ALABAMA,PERRY
1107,ALABAMA,PICKENS
1109,ALABAMA,PIKE
1111,ALABAMA,RANDOLPH
1113,ALABAMA,RUSSELL
1115,ALABAMA,ST CLAIR
1117,ALABAMA,SHELBY
1119,ALABAMA,SUMTER
1121,ALABAMA,TALLADEGA
1123,ALABAMA,TALLAPOOSA
1125,ALABAMA,TUSCALOOSA
1127,ALABAMA,WALKER
1129,ALABAMA,WASHINGTON
1131,ALABAMA,WILCOX
1133,ALABAMA,WINSTON
2013,ALASKA,ALEUTIANS EAST
2016,ALASKA,ALEUTIANS WEST
2020,ALASKA,ANCHORAGE
2050,ALASKA,BETHEL
2060,ALASKA,BRISTOL BAY
2068,ALASKA,DENALI
2070,ALASKA,DILLINGHAM
2090,ALASKA,FAIRBANKS NORTH STAR
2100,ALASKA,HAINES
2105,ALASKA,HOONAH ANGOON
2110,ALASKA,JUNEAU
2122,ALASKA,KENAI PENINSULA
2130,ALASKA,KETCHIKAN GATEWAY
2150,ALASKA,KODIAK ISLAND
2158,ALASKA,KUSILVAK
2164,ALASKA,LAKE AND PENINSULA
2170,ALASKA,MATANUSKA SUSITNA
2180,ALASKA,NOME
2185,ALASKA,NORTH SLOPE
2188,ALASKA,NORTHWEST ARCTIC
2195,ALASKA,PETERSBURG
2198,ALASKA,PRINCE OF WALES HYDER
2220,ALASKA,SITKA
2230,ALASKA,SKAGWAY
2240,ALASKA,SOUTHEAST FAIRBANKS
2261,ALASKA,VALDEZ CORDOVA
2275,ALASKA,WRANGELL
2282,ALASKA,YAKUTAT
2290,ALASKA,YUKON KOYUKUK
4001,ARIZONA,APACHE
4003,ARIZONA,COCHISE
4005,ARIZONA,COCONINO
4007,ARIZONA,GILA
4009,ARIZONA,GRAHAM
4011,ARIZONA,GREENLEE
4012,ARIZONA,LA PAZ
4013,ARIZONA,MARICOPA
4015,ARIZONA,MOHAVE
4017,ARIZONA,NAVAJO
4019,ARIZONA,PIMA
4021,ARIZONA,PINAL
4023,ARIZONA,SANTA CRUZ
4025,ARIZONA,YAVAPAI
4027,ARIZONA,YUMA
5001,ARKANSAS,ARKANSAS
5003,ARKANSAS,ASHLEY
5005,ARKANSAS,BAXTER
5007,ARKANSAS,BENTON
5009,ARKANSAS,BOONE
5011,ARKANSAS,BRADLEY
5013,ARKANSAS,CALHOUN
5015,ARKANSAS,CARROLL
5017,ARKANSAS,CHICOT
5019,ARKANSAS,CLARK
5021,ARKANSAS,CLAY
5023,ARKANSAS,CLEBURNE
5025,ARKANSAS,CLEVELAND
5027,ARKANSAS,COLUMBIA
5029,ARKANSAS,CONWAY
5031,ARKANSAS,CRAIGHEAD
5033,ARKANSAS,CRAWFORD
5035,ARKANSAS,CRITTENDEN
5037,ARKANSAS,CROSS
5039,ARKANSAS,DALLAS
5041,ARKANSAS,DESHA
5043,ARKANSAS,DREW
5045,ARKANSAS,FAULKNER
5047,ARKANSAS,FRANKLIN
5049,ARKANSAS,FULTON
5051,ARKANSAS,GARLAND
5053,ARKANSAS,GRANT
5055,ARKANSAS,GREENE
5057,ARKANSAS,HEMPSTEAD
5059,ARKANSAS,HOT SPRING
5061,ARKANSAS,HOWARD
5063,ARKANSAS,INDEPENDENCE
5065,ARKANSAS,IZARD
5067,ARKANSAS,JACKSON
5069,ARKANSAS,JEFFERSON
5071,ARKANSAS,JOHNSON
5073,ARKANSAS,LAFAYETTE
5075,ARKANSAS,LAWRENCE
5077,ARKANSAS,LEE
5079,ARKANSAS,LINCOLN
5081,ARKANSAS,LITTLE RIVER
5083,ARKANSAS,LOGAN
5085,ARKANSAS,LONOKE
5087,ARKANSAS,MADISON
5089,ARKANSAS,MARION
5091,ARKANSAS,MILLER
5093,ARKANSAS,MISSISSIPPI
5095,ARKANSAS,MONROE
5097,ARKANSAS,MONTGOMERY
5099,ARKANSAS,NEVADA
5101,ARKANSAS,NEWTON
5103,ARKANSAS,OUACHITA
5105,ARKANSAS,PERRY
5107,ARKANSAS,PHILLIPS
5109,ARKANSAS,PIKE
5111,ARKANSAS,POINSETT
5113,ARKANSAS,POLK
5115,ARKANSAS,POPE
5117,ARKANSAS,PRAIRIE
5119,ARKANSAS,PULASKI
5121,ARKANSAS,RANDOLPH
5123,ARKANSAS,ST FRANCIS
5125,ARKANSAS,SALINE
5127,ARKANSAS,SCOTT
5129,ARKANSAS,SEARCY
5131,ARKANSAS,SEBASTIAN
5133,ARKANSAS,SEVIER
5135,ARKANSAS,SHARP
5137,ARKANSAS,STONE
5139,ARKANSAS,UNION
5141,ARKANSAS,VAN BUREN
5143,ARKANSAS,WASHINGTON
5145,ARKANSAS,WHITE
5147,ARKANSAS,WOODRUFF
5149,ARKANSAS,YELL
6001,CALIFORNIA,ALAMEDA
6003,CALIFORNIA,ALPINE
6005,CALIFORNIA,AMADOR
6007,CALIFORNIA,BUTTE
6009,CALIFORNIA,CALAVERAS
6011,CALIFORNIA,COLUSA
6013,CALIFORNIA,CONTRA COSTA
6015,CALIFORNIA,DEL NORTE
6017,CALIFORNIA,EL DORADO
6019,CALIFORNIA,FRESNO
6021,CALIFORNIA,GLENN
6023,CALIFORNIA,HUMBOLDT
6025,CALIFORNIA,IMPERIAL
6027,CALIFORNIA,INYO
6029,CALIFORNIA,KERN
6031,CALIFORNIA,KINGS
6033,CALIFORNIA,LAKE
6035,CALIFORNIA,LASSEN
6037,CALIFORNIA,LOS ANGELES
6039,CALIFORNIA,MADERA
6041,CALIFORNIA,MARIN
6043,CALIFORNIA,MARIPOSA
6045,CALIFORNIA,MENDOCINO
6047,CALIFORNIA,MERCED
6049,CALIFORNIA,MODOC
6051,CALIFORNIA,MONO
6053,CALIFORNIA,MONTEREY
6055,CALIFORNIA,NAPA
6057,CALIFORNIA,NEVADA
6059,CALIFORNIA,ORANGE
6061,CALIFORNIA,PLACER
6063,CALIFORNIA,PLUMAS
6065,CALIFORNIA,RIVERSIDE
6067,CALIFORNIA,SACRAMENTO
6069,CALIFORNIA,SAN BENITO
6071,CALIFORNIA,SAN BERNARDINO
6073,CALIFORNIA,SAN DIEGO
6075,CALIFORNIA,SAN FRANCISCO
6077,CALIFORNIA,SAN JOAQUIN
6079,CALIFORNIA,SAN LUIS OBISPO
6081,CALIFORNIA,SAN MATEO
6083,CALIFORNIA,SANTA BARBARA
6085,CALIFORNIA,SANTA CLARA
6087,CALIFORNIA,SANTA CRUZ
6089,CALIFORNIA,SHASTA
6091,CALIFORNIA,SIERRA
6093,CALIFORNIA,SISKIYOU
6095,CALIFORNIA,SOLANO
6097,CALIFORNIA,SONOMA
6099,CALIFORNIA,STANISLAUS
6101,CALIFORNIA,SUTTER
6103,CALIFORNIA,TEHAMA
6105,CALIFORNIA,TRINITY
6107,CALIFORNIA,TULARE
6109,CALIFORNIA,TUOLUMNE
6111,CALIFORNIA,VENTURA
6113,CALIFORNIA,YOLO
6115,CALIFORNIA,YUBA
8001,COLORADO,ADAMS
8003,COLORADO,ALAMOSA
8005,COLORADO,ARAPAHOE
8007,COLORADO,ARCHULETA
8009,COLORADO,BACA
8011,COLORADO,BENT
8013,COLORADO,BOULDER
8014,COLORADO,BROOMFIELD
8015,COLORADO,CHAFFEE
8017,COLORADO,CHEYENNE
8019,COLORADO,CLEAR CREEK
8021,COLORADO,CONEJOS
8023,COLORADO,COSTILLA
8025,COLORADO,CROWLEY
8027,COLORADO,CUSTER
8029,COLORADO,DELTA
8031,COLORADO,DENVER
8033,COLORADO,DOLORES
8035,COLORADO,DOUGLAS
8037,COLORADO,EAGLE
8039,COLORADO,ELBERT
8041,COLORADO,EL PASO
8043,COLORADO,FREMONT
8045,COLORADO,GARFIELD
8047,COLORADO,GILPIN
8049,COLORADO,GRAND
8051,COLORADO,GUNNISON
8053,COLORADO,HINSDALE
8055,COLORADO,HUERFANO
8057,COLORADO,JACKSON
8059,COLORADO,JEFFERSON
8061,COLORADO,KIOWA
8063,COLORADO,KIT CARSON
8065,COLORADO,LAKE
8067,COLORADO,LA PLATA
8069,COLORADO,LARIMER
8071,COLORADO,LAS ANIMAS
8073,COLORADO,LINCOLN
8075,COLORADO,LOGAN
8077,COLORADO,MESA
8079,COLORADO,MINERAL
8081,COLORADO,MOFFAT
8083,COLORADO,MONTEZUMA
8085,COLORADO,MONTROSE
8087,COLORADO,MORGAN
8089,COLORADO,OTERO
8091,COLORADO,OURAY
8093,COLORADO,PARK
8095,COLORADO,PHILLIPS
8097,COLORADO,PITKIN
8099,COLORADO,PROWERS
8101,COLORADO,PUEBLO
8103,COLORADO,RIO BLANCO
8105,COLORADO,RIO GRANDE
8107,COLORADO,ROUTT
8109,COLORADO,SAGUACHE
8111,COLORADO,SAN JUAN
8113,COLORADO,SAN MIGUEL
8115,COLORADO,SEDGWICK
8117,COLORADO,SUMMIT
8119,COLORADO,TELLER
8121,COLORADO,WASHINGTON
8123,COLORADO,WELD
8125,COLORADO,YUMA
9001,CONNECTICUT,FAIRFIELD
9003,CONNECTICUT,HARTFORD
9005,CONNECTICUT,LITCHFIELD
9007,CONNECTICUT,MIDDLESEX
9009,CONNECTICUT,NEW HAVEN
9011,CONNECTICUT,NEW LONDON
9013,CONNECTICUT,TOLLAND
9015,CONNECTICUT,WINDHAM
10001,DELAWARE,KENT
10003,DELAWARE,NEW CASTLE
10005,DELAWARE,SUSSEX
11001,DISTRICT OF COLUMBIA,DISTRICT OF COLUMBIA
12001,FLORIDA,ALACHUA
12003,FLORIDA,BAKER
12005,FLORIDA,BAY
12007,FLORIDA,BRADFORD
12009,FLORIDA,BREVARD
12011,FLORIDA,BROWARD
12013,FLORIDA,CALHOUN
12015,FLORIDA,CHARLOTTE
12017,FLORIDA,CITRUS
12019,FLORIDA,CLAY
12021,FLORIDA,COLLIER
12023,FLORIDA,COLUMBIA
12027,FLORIDA,DESOTO
12029,FLORIDA,DIXIE
12031,FLORIDA,DUVAL
12033,FLORIDA,ESCAMBIA
12035,FLORIDA,FLAGLER
12037,FLORIDA,FRANKLIN
12039,FLORIDA,GADSDEN
12041,FLORIDA,GILCHRIST
12043,FLORIDA,GLADES
12045,FLORIDA,GULF
12047,FLORIDA,HAMILTON
12049,FLORIDA,HARDEE
12051,FLORIDA,HENDRY
12053,FLORIDA,HERNANDO
12055,FLORIDA,HIGHLANDS
12057,FLORIDA,HILLSBOROUGH
12059,FLORIDA,HOLMES
12061,FLORIDA,INDIAN RIVER
12063,FLORIDA,JACKSON
12065,FLORIDA,JEFFERSON
12067,FLORIDA,LAFAYETTE
12069,FLORIDA,LAKE
12071,FLORIDA,LEE
12073,FLORIDA,LEON
12075,FLORIDA,LEVY
12077,FLORIDA,LIBERTY
12079,FLORIDA,MADISON
12081,FLORIDA,MANATEE
12083,FLORIDA,MARION
12085,FLORIDA,MARTIN
12086,FLORIDA,MIAMI DADE
12087,FLORIDA,MONROE
12089,FLORIDA,NASSAU
12091,FLORIDA,OKALOOSA
12093,FLORIDA,OKEECHOBEE
12095,FLORIDA,ORANGE
12097,FLORIDA,OSCEOLA
12099,FLORIDA,PALM BEACH
12101,FLORIDA,PASCO
12103,FLORIDA,PINELLAS
12105,FLORIDA,POLK
12107,FLORIDA,PUTNAM
12109,FLORIDA,ST JOHNS
12111,FLORIDA,ST LUCIE
12113,FLORIDA,SANTA ROSA
12115,FLORIDA,SARASOTA
12117,FLORIDA,SEMINOLE
12119,FLORIDA,SUMTER
12121,FLORIDA,SUWANNEE
12123,FLORIDA,TAYLOR
12125,FLORIDA,UNION
12127,FLORIDA,VOLUSIA
12129,FLORIDA,WAKULLA
12131,FLORIDA,WALTON
12133,FLORIDA,WASHINGTON
13001,GEORGIA,APPLING
13003,GEORGIA,ATKINSON
13005,GEORGIA,BACON
13007,GEORGIA,BAKER
13009,GEORGIA,BALDWIN
13011,GEORGIA,BANKS
13013,GEORGIA,BARROW
13015,GEORGIA,BARTOW
13017,GEORGIA,BEN HILL
13019,GEORGIA,BERRIEN
13021,GEORGIA,BIBB
13023,GEORGIA,BLECKLEY
13025,GEORGIA,BRANTLEY
13027,GEORGIA,BROOKS
13029,GEORGIA,BRYAN
13031,GEORGIA,BULLOCH
13033,GEORGIA,BURKE
13035,GEORGIA,BUTTS
13037,GEORGIA,CALHOUN
13039,GEORGIA,CAMDEN
13043,GEORGIA,CANDLER
13045,GEORGIA,CARROLL
13047,GEORGIA,CATOOSA
13049,GEORGIA,CHARLTON
13051,GEORGIA,CHATHAM
13053,GEORGIA,CHATTAHOOCHEE
13055,GEORGIA,CHATTOOGA
13057,GEORGIA,CHEROKEE
13059,GEORGIA,CLARKE
13061,GEORGIA,CLAY
13063,GEORGIA,CLAYTON
13065,GEORGIA,CLINCH
13067,GEORGIA,COBB
13069,GEORGIA,COFFEE
13071,GEORGIA,COLQUITT
13073,GEORGIA,COLUMBIA
13075,GEORGIA,COOK
13077,GEORGIA,COWETA
13079,GEORGIA,CRAWFORD
13081,GEORGIA,CRISP
13083,GEORGIA,DADE
13085,GEORGIA,DAWSON
13087,GEORGIA,DECATUR
13089,GEORGIA,DEKALB
13091,GEORGIA,DODGE
13093,GEORGIA,DOOLY
13095,GEORGIA,DOUGHERTY
13097,GEORGIA,DOUGLAS
13099,GEORGIA,EARLY
13101,GEORGIA,ECHOLS
13103,GEORGIA,EFFINGHAM
13105,GEORGIA,ELBERT
13107,GEORGIA,EMANUEL
13109,GEORGIA,EVANS
13111,GEORGIA,FANNIN
13113,GEORGIA,FAYETTE
13115,GEORGIA,FLOYD
13117,GEORGIA,FORSYTH
13119,GEORGIA,FRANKLIN
13121,GEORGIA,FULTON
13123,GEORGIA,GILMER
13125,GEORGIA,GLASCOCK
13127,GEORGIA,GLYNN
13129,GEORGIA,GORDON
13131,GEORGIA,GRADY
13133,GEORGIA,GREENE
13135,GEORGIA,GWINNETT
13137,GEORGIA,HABERSHAM
13139,GEORGIA,HALL
13141,GEORGIA,HANCOCK
13143,GEORGIA,HARALSON
13145,GEORGIA,HARRIS
13147,GEORGIA,HART
13149,GEORGIA,HEARD
13151,GEORGIA,HENRY
13153,GEORGIA,HOUSTON
13155,GEORGIA,IRWIN
13157,GEORGIA,JACKSON
13159,GEORGIA,JASPER
13161,GEORGIA,JEFF DAVIS
13163,GEORGIA,JEFFERSON
13165,GEORGIA,JENKINS
13167,GEORGIA,JOHNSON
13169,GEORGIA,JONES
13171,GEORGIA,LAMAR
13173,GEORGIA,LANIER
13175,GEORGIA,LAURENS
13177,GEORGIA,LEE
13179,GEORGIA,LIBERTY
13181,GEORGIA,LINCOLN
13183,GEORGIA,LONG
13185,GEORGIA,LOWNDES
13187,GEORGIA,LUMPKIN
13189,GEORGIA,MCDUFFIE
13191,GEORGIA,MCINTOSH
13193,GEORGIA,MACON
13195,GEORGIA,MADISON
13197,GEORGIA,MARION
13199,GEORGIA,MERIWETHER
13201,GEORGIA,MILLER
13205,GEORGIA,MITCHELL
13207,GEORGIA,MONROE
13209,GEORGIA,MONTGOMERY
13211,GEORGIA,MORGAN
13213,GEORGIA,MURRAY
13215,GEORGIA,MUSCOGEE
13217,GEORGIA,NEWTON
13219,GEORGIA,OCONEE
13221,GEORGIA,OGLETHORPE
13223,GEORGIA,PAULDING
13225,GEORGIA,PEACH
13227,GEORGIA,PICKENS
13229,GEORGIA,PIERCE
13231,GEORGIA,PIKE
13233,GEORGIA,POLK
13235,GEORGIA,PULASKI
13237,GEORGIA,PUTNAM
13239,GEORGIA,QUITMAN
13241,GEORGIA,RABUN
13243,GEORGIA,RANDOLPH
13245,GEORGIA,RICHMOND
13247,GEORGIA,ROCKDALE
13249,GEORGIA,SCHLEY
13251,GEORGIA,SCREVEN
13253,GEORGIA,SEMINOLE
13255,GEORGIA,SPALDING
13257,GEORGIA,STEPHENS
13259,GEORGIA,STEWART
13261,GEORGIA,SUMTER
13263,GEORGIA,TALBOT
13265,GEORGIA,TALIAFERRO
13267,GEORGIA,TATTNALL
13269,GEORGIA,TAYLOR
13271,GEORGIA,TELFAIR
13273,GEORGIA,TERRELL
13275,GEORGIA,THOMAS
13277,GEORGIA,TIFT
13279,GEORGIA,TOOMBS
13281,GEORGIA,TOWNS
13283,GEORGIA,TREUTLEN
13285,GEORGIA,TROUP
13287,GEORGIA,TURNER
13289,GEORGIA,TWIGGS
13291,GEORGIA,UNION
13293,GEORGIA,UPSON
13295,GEORGIA,WALKER
13297,GEORGIA,WALTON
13299,GEORGIA,WARE
13301,GEORGIA,WARREN
13303,GEORGIA,WASHINGTON
13305,GEORGIA,WAYNE
13307,GEORGIA,WEBSTER
13309,GEORGIA,WHEELER
13311,GEORGIA,WHITE
13313,GEORGIA,WHITFIELD
13315,GEORGIA,WILCOX
13317,GEORGIA,WILKES
13319,GEORGIA,WILKINSON
13321,GEORGIA,WORTH
15001,HAWAII,HAWAII
15003,HAWAII,HONOLULU
15005,HAWAII,KALAWAO
15007,HAWAII,KAUAI
15009,HAWAII,MAUI
16001,IDAHO,ADA
16003,IDAHO,ADAMS
16005,IDAHO,BANNOCK
16007,IDAHO,BEAR LAKE
16009,IDAHO,BENEWAH
16011,IDAHO,BINGHAM
16013,IDAHO,BLAINE
16015,IDAHO,BOISE
16017,IDAHO,BONNER
16019,IDAHO,BONNEVILLE
16021,IDAHO,BOUNDARY
16023,IDAHO,BUTTE
16025,IDAHO,CAMAS
16027,IDAHO,CANYON
16029,IDAHO,CARIBOU
16031,IDAHO,CASSIA
16033,IDAHO,CLARK
16035,IDAHO,CLEARWATER
16037,IDAHO,CUSTER
16039,IDAHO,ELMORE
16041,IDAHO,FRANKLIN
16043,IDAHO,FREMONT
16045,IDAHO,GEM
16047,IDAHO,GOODING
16049,IDAHO,IDAHO
16051,IDAHO,JEFFERSON
16053,IDAHO,JEROME
16055,IDAHO,KOOTENAI
16057,IDAHO,LATAH
16059,IDAHO,LEMHI
16061,IDAHO,LEWIS
16063,IDAHO,LINCOLN
16065,IDAHO,MADISON
16067,IDAHO,MINIDOKA
16069,IDAHO,NEZ PERCE
16071,IDAHO,ONEIDA
16073,IDAHO,OWYHEE
16075,IDAHO,PAYETTE
16077,IDAHO,POWER
16079,IDAHO,SHOSHONE
16081,IDAHO,TETON
16083,IDAHO,TWIN FALLS
16085,IDAHO,VALLEY
16087,IDAHO,WASHINGTON
17001,ILLINOIS,ADAMS
17003,ILLINOIS,ALEXANDER
17005,ILLINOIS,BOND
17007,ILLINOIS,BOONE
17009,ILLINOIS,BROWN
17011,ILLINOIS,BUREAU
17013,ILLINOIS,CALHOUN
17015,ILLINOIS,CARROLL
17017,ILLINOIS,CASS
17019,ILLINOIS,CHAMPAIGN
17021,ILLINOIS,CHRISTIAN
17023,ILLINOIS,CLARK
17025,ILLINOIS,CLAY
17027,ILLINOIS,CLINTON
17029,ILLINOIS,COLES
17031,ILLINOIS,COOK
17033,ILLINOIS,CRAWFORD
17035,ILLINOIS,CUMBERLAND
17037,ILLINOIS,DEKALB
17039,ILLINOIS,DE WITT
17041,ILLINOIS,DOUGLAS
17043,ILLINOIS,DUPAGE
17045,ILLINOIS,EDGAR
17047,ILLINOIS,EDWARDS
17049,ILLINOIS,EFFINGHAM
17051,ILLINOIS,FAYETTE
17053,ILLINOIS,FORD
17055,ILLINOIS,FRANKLIN
17057,ILLINOIS,FULTON
17059,ILLINOIS,GALLATIN
17061,ILLINOIS,GREENE
17063,ILLINOIS,GRUNDY
17065,ILLINOIS,HAMILTON
17067,ILLINOIS,HANCOCK
17069,ILLINOIS,HARDIN
17071,ILLINOIS,HENDERSON
17073,ILLINOIS,HENRY
17075,ILLINOIS,IROQUOIS
17077,ILLINOIS,JACKSON
17079,ILLINOIS,JASPER
17081,ILLINOIS,JEFFERSON
17083,ILLINOIS,JERSEY
17085,ILLINOIS,JO DAVIESS
17087,ILLINOIS,JOHNSON
17089,ILLINOIS,KANE
17091,ILLINOIS,KANKAKEE
17093,ILLINOIS,KENDALL
17095,ILLINOIS,KNOX
17097,ILLINOIS,LAKE
17099,ILLINOIS,LASALLE
17101,ILLINOIS,LAWRENCE
17103,ILLINOIS,LEE
17105,ILLINOIS,LIVINGSTON
17107,ILLINOIS,LOGAN
17109,ILLINOIS,MCDONOUGH
17111,ILLINOIS,MCHENRY
17113,ILLINOIS,MCLEAN
17115,ILLINOIS,MACON
17117,ILLINOIS,MACOUPIN
17119,ILLINOIS,MADISON
17121,ILLINOIS,MARION
17123,ILLINOIS,MARSHALL
17125,ILLINOIS,MASON
17127,ILLINOIS,MASSAC
17129,ILLINOIS,MENARD
17131,ILLINOIS,MERCER
17133,ILLINOIS,MONROE
17135,ILLINOIS,MONTGOMERY
17137,ILLINOIS,MORGAN
17139,ILLINOIS,MOULTRIE
17141,ILLINOIS,OGLE
17143,ILLINOIS,PEORIA
17145,ILLINOIS,PERRY
17147,ILLINOIS,PIATT
17149,ILLINOIS,PIKE
17151,ILLINOIS,POPE
17153,ILLINOIS,PULASKI
17155,ILLINOIS,PUTNAM
17157,ILLINOIS,RANDOLPH
17159,ILLINOIS,RICHLAND
17161,ILLINOIS,ROCK ISLAND
17163,ILLINOIS,ST CLAIR
17165,ILLINOIS,SALINE
17167,ILLINOIS,SANGAMON
17169,ILLINOIS,SCHUYLER
17171,ILLINOIS,SCOTT
17173,ILLINOIS,SHELBY
17175,ILLINOIS,STARK
17177,ILLINOIS,STEPHENSON
17179,ILLINOIS,TAZEWELL
17181,ILLINOIS,UNION
17183,ILLINOIS,VERMILION
17185,ILLINOIS,WABASH
17187,ILLINOIS,WARREN
17189,ILLINOIS,WASHINGTON
17191,ILLINOIS,WAYNE
17193,ILLINOIS,WHITE
17195,ILLINOIS,WHITESIDE
17197,ILLINOIS,WILL
17199,ILLINOIS,WILLIAMSON
17201,ILLINOIS,WINNEBAGO
17203,ILLINOIS,WOODFORD
18001,INDIANA,ADAMS
18003,INDIANA,ALLEN
18005,INDIANA,BARTHOLOMEW
18007,INDIANA,BENTON
18009,INDIANA,BLACKFORD
18011,INDIANA,BOONE
18013,INDIANA,BROWN
18015,INDIANA,CARROLL
18017,INDIANA,CASS
18019,INDIANA,CLARK
18021,INDIANA,CLAY
18023,INDIANA,CLINTON
18025,INDIANA,CRAWFORD
18027,INDIANA,DAVIESS
18029,INDIANA,DEARBORN
18031,INDIANA,DECATUR
18033,INDIANA,DEKALB
18035,INDIANA,DELAWARE
18037,INDIANA,DUBOIS
18039,INDIANA,ELKHART
18041,INDIANA,FAYETTE
18043,INDIANA,FLOYD
18045,INDIANA,FOUNTAIN
18047,INDIANA,FRANKLIN
18049,INDIANA,FULTON
18051,INDIANA,GIBSON
18053,INDIANA,GRANT
18055,INDIANA,GREENE
18057,INDIANA,HAMILTON
18059,INDIANA,HANCOCK
18061,INDIANA,HARRISON
18063,INDIANA,HENDRICKS
18065,INDIANA,HENRY
18067,INDIANA,HOWARD
18069,INDIANA,HUNTINGTON
18071,INDIANA,JACKSON
18073,INDIANA,JASPER
18075,INDIANA,JAY
18077,INDIANA,JEFFERSON
18079,INDIANA,JENNINGS
18081,INDIANA,JOHNSON
18083,INDIANA,KNOX
18085,INDIANA,KOSCIUSKO
18087,INDIANA,LAGRANGE
18089,INDIANA,LAKE
18091,INDIANA,LAPORTE
18093,INDIANA,LAWRENCE
18095,INDIANA,MADISON
18097,INDIANA,MARION
18099,INDIANA,MARSHALL
18101,INDIANA,MARTIN
18103,INDIANA,MIAMI
18105,INDIANA,MONROE
18107,INDIANA,MONTGOMERY
18109,INDIANA,MORGAN
18111,INDIANA,NEWTON
18113,INDIANA,NOBLE
18115,INDIANA,OHIO
18117,INDIANA,ORANGE
18119,INDIANA,OWEN
18121,INDIANA,PARKE
18123,INDIANA,PERRY
18125,INDIANA,PIKE
18127,INDIANA,PORTER
18129,INDIANA,POSEY
18131,INDIANA,PULASKI
18133,INDIANA,PUTNAM
18135,INDIANA,RANDOLPH
18137,INDIANA,RIPLEY
18139,INDIANA,RUSH
18141,INDIANA,ST JOSEPH
18143,INDIANA,SCOTT
18145,INDIANA,SHELBY
18147,INDIANA,SPENCER
18149,INDIANA,STARKE
18151,INDIANA,STEUBEN
18153,INDIANA,SULLIVAN
18155,INDIANA,SWITZERLAND
18157,INDIANA,TIPPECANOE
18159,INDIANA,TIPTON
18161,INDIANA,UNION
18163,INDIANA,VANDERBURGH
18165,INDIANA,VERMILLION
18167,INDIANA,VIGO
18169,INDIANA,WABASH
18171,INDIANA,WARREN
18173,INDIANA,WARRICK
18175,INDIANA,WASHINGTON
18177,INDIANA,WAYNE
18179,INDIANA,WELLS
18181,INDIANA,WHITE
18183,INDIANA,WHITLEY
19001,IOWA,ADAIR
19003,IOWA,ADAMS
19005,IOWA,ALLAMAKEE
19007,IOWA,APPANOOSE
19009,IOWA,AUDUBON
19011,IOWA,BENTON
19013,IOWA,BLACK HAWK
19015,IOWA,BOONE
19017,IOWA,BREMER
19019,IOWA,BUCHANAN
19021,IOWA,BUENA VISTA
19023,IOWA,BUTLER
19025,IOWA,CALHOUN
19027,IOWA,CARROLL
19029,IOWA,CASS
19031,IOWA,CEDAR
19033,IOWA,CERRO GORDO
19035,IOWA,CHEROKEE
19037,IOWA,CHICKASAW
19039,IOWA,CLARKE
19041,IOWA,CLAY
19043,IOWA,CLAYTON
19045,IOWA,CLINTON
19047,IOWA,CRAWFORD
19049,IOWA,DALLAS
19051,IOWA,DAVIS
19053,IOWA,DECATUR
19055,IOWA,DELAWARE
19057,IOWA,DES MOINES
19059,IOWA,DICKINSON
19061,IOWA,DUBUQUE
19063,IOWA,EMMET
19065,IOWA,FAYETTE
19067,IOWA,FLOYD
19069,IOWA,FRANKLIN
19071,IOWA,FREMONT
19073,IOWA,GREENE
19075,IOWA,GRUNDY
19077,IOWA,GUTHRIE
19079,IOWA,HAMILTON
19081,IOWA,HANCOCK
19083,IOWA,HARDIN
19085,IOWA,HARRISON
19087,IOWA,HENRY
19089,IOWA,HOWARD
19091,IOWA,HUMBOLDT
19093,IOWA,IDA
19095,IOWA,IOWA
19097,IOWA,JACKSON
19099,IOWA,JASPER
19101,IOWA,JEFFERSON
19103,IOWA,JOHNSON
19105,IOWA,JONES
19107,IOWA,KEOKUK
19109,IOWA,KOSSUTH
19111,IOWA,LEE
19113,IOWA,LINN
19115,IOWA,LOUISA
19117,IOWA,LUCAS
19119,IOWA,LYON
19121,IOWA,MADISON
19123,IOWA,MAHASKA
19125,IOWA,MARION
19127,IOWA,MARSHALL
19129,IOWA,MILLS
19131,IOWA,MITCHELL
19133,IOWA,MONONA
19135,IOWA,MONROE
19137,IOWA,MONTGOMERY
19139,IOWA,MUSCATINE
19141,IOWA,OBRIEN
19143,IOWA,OSCEOLA
19145,IOWA,PAGE
19147,IOWA,PALO ALTO
19149,IOWA,PLYMOUTH
19151,IOWA,POCAHONTAS
19153,IOWA,POLK
19155,IOWA,POTTAWATTAMIE
19157,IOWA,POWESHIEK
19159,IOWA,RINGGOLD
19161,IOWA,SAC
19163,IOWA,SCOTT
19165,IOWA,SHELBY
19167,IOWA,SIOUX
19169,IOWA,STORY
19171,IOWA,TAMA
19173,IOWA,TAYLOR
19175,IOWA,UNION
19177,IOWA,VAN BUREN
19179,IOWA,WAPELLO
19181,IOWA,WARREN
19183,IOWA,WASHINGTON
19185,IOWA,WAYNE
19187,IOWA,WEBSTER
19189,IOWA,WINNEBAGO
19191,IOWA,WINNESHIEK
19193,IOWA,WOODBURY
19195,IOWA,WORTH
19197,IOWA,WRIGHT
20001,KANSAS,ALLEN
20003,KANSAS,ANDERSON
20005,KANSAS,ATCHISON
20007,KANSAS,BARBER
20009,KANSAS,BARTON
20011,KANSAS,BOURBON
20013,KANSAS,BROWN
20015,KANSAS,BUTLER
20017,KANSAS,CHASE
20019,KANSAS,CHAUTAUQUA
20021,KANSAS,CHEROKEE
20023,KANSAS,CHEYENNE
20025,KANSAS,CLARK
20027,KANSAS,CLAY
20029,KANSAS,CLOUD
20031,KANSAS,COFFEY
20033,KANSAS,COMANCHE
20035,KANSAS,COWLEY
20037,KANSAS,CRAWFORD
20039,KANSAS,DECATUR
20041,KANSAS,DICKINSON
20043,KANSAS,DONIPHAN
20045,KANSAS,DOUGLAS
20047,KANSAS,EDWARDS
20049,KANSAS,ELK
20051,KANSAS,ELLIS
20053,KANSAS,ELLSWORTH
20055,KANSAS,FINNEY
20057,KANSAS,FORD
20059,KANSAS,FRANKLIN
20061,KANSAS,GEARY
20063,KANSAS,GOVE
20065,KANSAS,GRAHAM
20067,KANSAS,GRANT
20069,KANSAS,GRAY
20071,KANSAS,GREELEY
20073,KANSAS,GREENWOOD
20075,KANSAS,HAMILTON
20077,KANSAS,HARPER
20079,KANSAS,HARVEY
20081,KANSAS,HASKELL
20083,KANSAS,HODGEMAN
20085,KANSAS,JACKSON
20087,KANSAS,JEFFERSON
20089,KANSAS,JEWELL
20091,KANSAS,JOHNSON
20093,KANSAS,KEARNY
20095,KANSAS,KINGMAN
20097,KANSAS,KIOWA
20099,KANSAS,LABETTE
20101,KANSAS,LANE
20103,KANSAS,LEAVENWORTH
20105,KANSAS,LINCOLN
20107,KANSAS,LINN
20109,KANSAS,LOGAN
20111,KANSAS,LYON
20113,KANSAS,MCPHERSON
20115,KANSAS,MARION
20117,KANSAS,MARSHALL
20119,KANSAS,MEADE
20121,KANSAS,MIAMI
20123,KANSAS,MITCHELL
20125,KANSAS,MONTGOMERY
20127,KANSAS,MORRIS
20129,KANSAS,MORTON
20131,KANSAS,NEMAHA
20133,KANSAS,NEOSHO
20135,KANSAS,NESS
20137,KANSAS,NORTON
20139,KANSAS,OSAGE
20141,KANSAS,OSBORNE
20143,KANSAS,OTTAWA
20145,KANSAS,PAWNEE
20147,KANSAS,PHILLIPS
20149,KANSAS,POTTAWATOMIE
20151,KANSAS,PRATT
20153,KANSAS,RAWLINS
20155,KANSAS,RENO
20157,KANSAS,REPUBLIC
20159,KANSAS,RICE
20161,KANSAS,RILEY
20163,KANSAS,ROOKS
20165,KANSAS,RUSH
20167,KANSAS,RUSSELL
20169,KANSAS,SALINE
20171,KANSAS,SCOTT
20173,KANSAS,SEDGWICK
20175,KANSAS,SEWARD
20177,KANSAS,SHAWNEE
20179,KANSAS,SHERIDAN
20181,KANSAS,SHERMAN
20183,KANSAS,SMITH
20185,KANSAS,STAFFORD
20187,KANSAS,STANTON
20189,KANSAS,STEVENS
20191,KANSAS,SUMNER
20193,KANSAS,THOMAS
20195,KANSAS,TREGO
20197,KANSAS,WABAUNSEE
20199,KANSAS,WALLACE
20201,KANSAS,WASHINGTON
20203,KANSAS,WICHITA
20205,KANSAS,WILSON
20207,KANSAS,WOODSON
20209,KANSAS,WYANDOTTE
21001,KENTUCKY,ADAIR
21003,KENTUCKY,ALLEN
21005,KENTUCKY,ANDERSON
21007,KENTUCKY,BALLARD
21009,KENTUCKY,BARREN
21011,KENTUCKY,BATH
21013,KENTUCKY,BELL
21015,KENTUCKY,BOONE
21017,KENTUCKY,BOURBON
21019,KENTUCKY,BOYD
21021,KENTUCKY,BOYLE
21023,KENTUCKY,BRACKEN
21025,KENTUCKY,BREATHITT
21027,KENTUCKY,BRECKINRIDGE
21029,KENTUCKY,BULLITT
21031,KENTUCKY,BUTLER
21033,KENTUCKY,CALDWELL
21035,KENTUCKY,CALLOWAY
21037,KENTUCKY,CAMPBELL
21039,KENTUCKY,CARLISLE
21041,KENTUCKY,CARROLL
21043,KENTUCKY,CARTER
21045,KENTUCKY,CASEY
21047,KENTUCKY,CHRISTIAN
21049,KENTUCKY,CLARK
21051,KENTUCKY,CLAY
21053,KENTUCKY,CLINTON
21055,KENTUCKY,CRITTENDEN
21057,KENTUCKY,CUMBERLAND
21059,KENTUCKY,DAVIESS
21061,KENTUCKY,EDMONSON
21063,KENTUCKY,ELLIOTT
21065,KENTUCKY,ESTILL
21067,KENTUCKY,FAYETTE
21069,KENTUCKY,FLEMING
21071,KENTUCKY,FLOYD
21073,KENTUCKY,FRANKLIN
21075,KENTUCKY,FULTON
21077,KENTUCKY,GALLATIN
21079,KENTUCKY,GARRARD
21081,KENTUCKY,GRANT
21083,KENTUCKY,GRAVES
21085,KENTUCKY,GRAYSON
21087,KENTUCKY,GREEN
21089,KENTUCKY,GREENUP
21091,KENTUCKY,HANCOCK
21093,KENTUCKY,HARDIN
21095,KENTUCKY,HARLAN
21097,KENTUCKY,HARRISON
21099,KENTUCKY,HART
21101,KENTUCKY,HENDERSON
21103,KENTUCKY,HENRY
21105,KENTUCKY,HICKMAN
21107,KENTUCKY,HOPKINS
21109,KENTUCKY,JACKSON
21111,KENTUCKY,JEFFERSON
21113,KENTUCKY,JESSAMINE
21115,KENTUCKY,JOHNSON
21117,KENTUCKY,KENTON
21119,KENTUCKY,KNOTT
21121,KENTUCKY,KNOX
21123,KENTUCKY,LARUE
21125,KENTUCKY,LAUREL
21127,KENTUCKY,LAWRENCE
21129,KENTUCKY,LEE
21131,KENTUCKY,LESLIE
21133,KENTUCKY,LETCHER
21135,KENTUCKY,LEWIS
21137,KENTUCKY,LINCOLN
21139,KENTUCKY,LIVINGSTON
21141,KENTUCKY,LOGAN
21143,KENTUCKY,LYON
21145,KENTUCKY,MCCRACKEN
21147,KENTUCKY,MCCREARY
21149,KENTUCKY,MCLEAN
21151,KENTUCKY,MADISON
21153,KENTUCKY,MAGOFFIN
21155,KENTUCKY,MARION
21157,KENTUCKY,MARSHALL
21159,KENTUCKY,MARTIN
21161,KENTUCKY,MASON
21163,KENTUCKY,MEADE
21165,KENTUCKY,MENIFEE
21167,KENTUCKY,MERCER
21169,KENTUCKY,METCALFE
21171,KENTUCKY,MONROE
21173,KENTUCKY,MONTGOMERY
21175,KENTUCKY,MORGAN
21177,KENTUCKY,MUHLENBERG
21179,KENTUCKY,NELSON
21181,KENTUCKY,NICHOLAS
21183,KENTUCKY,OHIO
21185,KENTUCKY,OLDHAM
21187,KENTUCKY,OWEN
21189,KENTUCKY,OWSLEY
21191,KENTUCKY,PENDLETON
21193,KENTUCKY,PERRY
21195,KENTUCKY,PIKE
21197,KENTUCKY,POWELL
21199,KENTUCKY,PULASKI
21201,KENTUCKY,ROBERTSON
21203,KENTUCKY,ROCKCASTLE
21205,KENTUCKY,ROWAN
21207,KENTUCKY,RUSSELL
21209,KENTUCKY,SCOTT
21211,KENTUCKY,SHELBY
21213,KENTUCKY,SIMPSON
21215,KENTUCKY,SPENCER
21217,KENTUCKY,TAYLOR
21219,KENTUCKY,TODD
21221,KENTUCKY,TRIGG
21223,KENTUCKY,TRIMBLE
21225,KENTUCKY,UNION
21227,KENTUCKY,WARREN
21229,KENTUCKY,WASHINGTON
21231,KENTUCKY,WAYNE
21233,KENTUCKY,WEBSTER
21235,KENTUCKY,WHITLEY
21237,KENTUCKY,WOLFE
21239,KENTUCKY,WOODFORD
22001,LOUISIANA,ACADIA
22003,LOUISIANA,ALLEN
22005,LOUISIANA,ASCENSION
22007,LOUISIANA,ASSUMPTION
22009,LOUISIANA,AVOYELLES
22011,LOUISIANA,BEAUREGARD
22013,LOUISIANA,BIENVILLE
22015,LOUISIANA,BOSSIER
22017,LOUISIANA,CADDO
22019,LOUISIANA,CALCASIEU
22021,LOUISIANA,CALDWELL
22023,LOUISIANA,CAMERON
22025,LOUISIANA,CATAHOULA
22027,LOUISIANA,CLAIBORNE
22029,LOUISIANA,CONCORDIA
22031,LOUISIANA,DE SOTO
22033,LOUISIANA,EAST BATON ROUGE
22035,LOUISIANA,EAST CARROLL
22037,LOUISIANA,EAST FELICIANA
22039,LOUISIANA,EVANGELINE
22041,LOUISIANA,FRANKLIN
22043,LOUISIANA,GRANT
22045,LOUISIANA,IBERIA
22047,LOUISIANA,IBERVILLE
22049,LOUISIANA,JACKSON
22051,LOUISIANA,JEFFERSON
22053,LOUISIANA,JEFFERSON DAVIS
22055,LOUISIANA,LAFAYETTE
22057,LOUISIANA,LAFOURCHE
22059,LOUISIANA,LASALLE
22061,LOUISIANA,LINCOLN
22063,LOUISIANA,LIVINGSTON
22065,LOUISIANA,MADISON
22067,LOUISIANA,MOREHOUSE
22069,LOUISIANA,NATCHITOCHES
22071,LOUISIANA,ORLEANS
22073,LOUISIANA,OUACHITA
22075,LOUISIANA,PLAQUEMINES
22077,LOUISIANA,POINTE COUPEE
22079,LOUISIANA,RAPIDES
22081,LOUISIANA,RED RIVER
22083,LOUISIANA,RICHLAND
22085,LOUISIANA,SABINE
22087,LOUISIANA,ST BERNARD
22089,LOUISIANA,ST CHARLES
22091,LOUISIANA,ST HELENA
22093,LOUISIANA,ST JAMES
22095,LOUISIANA,ST JOHN THE BAPTIST
22097,LOUISIANA,ST LANDRY
22099,LOUISIANA,ST MARTIN
22101,LOUISIANA,ST MARY
22103,LOUISIANA,ST TAMMANY
22105,LOUISIANA,TANGIPAHOA
22107,LOUISIANA,TENSAS
22109,LOUISIANA,TERREBONNE
22111,LOUISIANA,UNION
22113,LOUISIANA,VERMILION
22115,LOUISIANA,VERNON
22117,LOUISIANA,WASHINGTON
22119,LOUISIANA,WEBSTER
22121,LOUISIANA,WEST BATON ROUGE
22123,LOUISIANA,WEST CARROLL
22125,LOUISIANA,WEST FELICIANA
22127,LOUISIANA,WINN
23001,MAINE,ANDROSCOGGIN
23003,MAINE,AROOSTOOK
23005,MAINE,CUMBERLAND
23007,MAINE,FRANKLIN
23009,MAINE,HANCOCK
23011,MAINE,KENNEBEC
23013,MAINE,KNOX
23015,MAINE,LINCOLN
23017,MAINE,OXFORD
23019,MAINE,PENOBSCOT
23021,MAINE,PISCATAQUIS
23023,MAINE,SAGADAHOC
23025,MAINE,SOMERSET
23027,MAINE,WALDO
23029,MAINE,WASHINGTON
23031,MAINE,YORK
24001,MARYLAND,ALLEGANY
24003,MARYLAND,ANNE ARUNDEL
24005,MARYLAND,BALTIMORE
24009,MARYLAND,CALVERT
24011,MARYLAND,CAROLINE
24013,MARYLAND,CARROLL
24015,MARYLAND,CECIL
24017,MARYLAND,CHARLES
24019,MARYLAND,DORCHESTER
24021,MARYLAND,FREDERICK
24023,MARYLAND,GARRETT
24025,MARYLAND,HARFORD
24027,MARYLAND,HOWARD
24029,MARYLAND,KENT
24031,MARYLAND,MONTGOMERY
24033,MARYLAND,PRINCE GEORGES
24035,MARYLAND,QUEEN ANNES
24037,MARYLAND,ST MARYS
24039,MARYLAND,SOMERSET
24041,MARYLAND,TALBOT
24043,MARYLAND,WASHINGTON
24045,MARYLAND,WICOMICO
24047,MARYLAND,WORCESTER
24510,MARYLAND,BALTIMORE CITY
25001,MASSACHUSETTS,BARNSTABLE
25003,MASSACHUSETTS,BERKSHIRE
25005,MASSACHUSETTS,BRISTOL
25007,MASSACHUSETTS,DUKES
25009,MASSACHUSETTS,ESSEX
25011,MASSACHUSETTS,FRANKLIN
25013,MASSACHUSETTS,HAMPDEN
25015,MASSACHUSETTS,HAMPSHIRE
25017,MASSACHUSETTS,MIDDLESEX
25019,MASSACHUSETTS,NANTUCKET
25021,MASSACHUSETTS,NORFOLK
25023,MASSACHUSETTS,PLYMOUTH
25025,MASSACHUSETTS,SUFFOLK
25027,MASSACHUSETTS,WORCESTER
26001,MICHIGAN,ALCONA
26003,MICHIGAN,ALGER
26005,MICHIGAN,ALLEGAN
26007,MICHIGAN,ALPENA
26009,MICHIGAN,ANTRIM
26011,MICHIGAN,ARENAC
26013,MICHIGAN,BARAGA
26015,MICHIGAN,BARRY
26017,MICHIGAN,BAY
26019,MICHIGAN,BENZIE
26021,MICHIGAN,BERRIEN
26023,MICHIGAN,BRANCH
26025,MICHIGAN,CALHOUN
26027,MICHIGAN,CASS
26029,MICHIGAN,CHARLEVOIX
26031,MICHIGAN,CHEBOYGAN
26033,MICHIGAN,CHIPPEWA
26035,MICHIGAN,CLARE
26037,MICHIGAN,CLINTON
26039,MICHIGAN,CRAWFORD
26041,MICHIGAN,DELTA
26043,MICHIGAN,DICKINSON
26045,MICHIGAN,EATON
26047,MICHIGAN,EMMET
26049,MICHIGAN,GENESEE
26051,MICHIGAN,GLADWIN
26053,MICHIGAN,GOGEBIC
26055,MICHIGAN,GRAND TRAVERSE
26057,MICHIGAN,GRATIOT
26059,MICHIGAN,HILLSDALE
26061,MICHIGAN,HOUGHTON
26063,MICHIGAN,HURON
26065,MICHIGAN,INGHAM
26067,MICHIGAN,IONIA
26069,MICHIGAN,IOSCO
26071,MICHIGAN,IRON
26073,MICHIGAN,ISABELLA
26075,MICHIGAN,JACKSON
26077,MICHIGAN,KALAMAZOO
26079,MICHIGAN,KALKASKA
26081,MICHIGAN,KENT
26083,MICHIGAN,KEWEENAW
26085,MICHIGAN,LAKE
26087,MICHIGAN,LAPEER
26089,MICHIGAN,LEELANAU
26091,MICHIGAN,LENAWEE
26093,MICHIGAN,LIVINGSTON
26095,MICHIGAN,LUCE
26097,MICHIGAN,MACKINAC
26099,MICHIGAN,MACOMB
26101,MICHIGAN,MANISTEE
26103,MICHIGAN,MARQUETTE
26105,MICHIGAN,MASON
26107,MICHIGAN,MECOSTA
26109,MICHIGAN,MENOMINEE
26111,MICHIGAN,MIDLAND
26113,MICHIGAN,MISSAUKEE
26115,MICHIGAN,MONROE
26117,MICHIGAN,MONTCALM
26119,MICHIGAN,MONTMORENCY
26121,MICHIGAN,MUSKEGON
26123,MICHIGAN,NEWAYGO
26125,MICHIGAN,OAKLAND
26127,MICHIGAN,OCEANA
26129,MICHIGAN,OGEMAW
26131,MICHIGAN,ONTONAGON
26133,MICHIGAN,OSCEOLA
26135,MICHIGAN,OSCODA
26137,MICHIGAN,OTSEGO
26139,MICHIGAN,OTTAWA
26141,MICHIGAN,PRESQUE ISLE
26143,MICHIGAN,ROSCOMMON
26145,MICHIGAN,SAGINAW
26147,MICHIGAN,ST CLAIR
26149,MICHIGAN,ST JOSEPH
26151,MICHIGAN,SANILAC
26153,MICHIGAN,SCHOOLCRAFT
26155,MICHIGAN,SHIAWASSEE
26157,MICHIGAN,TUSCOLA
26159,MICHIGAN,VAN BUREN
26161,MICHIGAN,WASHTENAW
26163,MICHIGAN,WAYNE
26165,MICHIGAN,WEXFORD
27001,MINNESOTA,AITKIN
27003,MINNESOTA,ANOKA
27005,MINNESOTA,BECKER
27007,MINNESOTA,BELTRAMI
27009,MINNESOTA,BENTON
27011,MINNESOTA,BIG STONE
27013,MINNESOTA,BLUE EARTH
27015,MINNESOTA,BROWN
27017,MINNESOTA,CARLTON
27019,MINNESOTA,CARVER
27021,MINNESOTA,CASS
27023,MINNESOTA,CHIPPEWA
27025,MINNESOTA,CHISAGO
27027,MINNESOTA,CLAY
27029,MINNESOTA,CLEARWATER
27031,MINNESOTA,COOK
27033,MINNESOTA,COTTONWOOD
27035,MINNESOTA,CROW WING
27037,MINNESOTA,DAKOTA
27039,MINNESOTA,DODGE
27041,MINNESOTA,DOUGLAS
27043,MINNESOTA,FARIBAULT
27045,MINNESOTA,FILLMORE
27047,MINNESOTA,FREEBORN
27049,MINNESOTA,GOODHUE
27051,MINNESOTA,GRANT
27053,MINNESOTA,HENNEPIN
27055,MINNESOTA,HOUSTON
27057,MINNESOTA,HUBBARD
27059,MINNESOTA,ISANTI
27061,MINNESOTA,ITASCA
27063,MINNESOTA,JACKSON
27065,MINNESOTA,KANABEC
27067,MINNESOTA,KANDIYOHI
27069,MINNESOTA,KITTSON
27071,MINNESOTA,KOOCHICHING
27073,MINNESOTA,LAC QUI PARLE
27075,MINNESOTA,LAKE
27077,MINNESOTA,LAKE OF THE WOODS
27079,MINNESOTA,LE SUEUR
27081,MINNESOTA,LINCOLN
27083,MINNESOTA,LYON
27085,MINNESOTA,MCLEOD
27087,MINNESOTA,MAHNOMEN
27089,MINNESOTA,MARSHALL
27091,MINNESOTA,MARTIN
27093,MINNESOTA,MEEKER
27095,MINNESOTA,MILLE LACS
27097,MINNESOTA,MORRISON
27099,MINNESOTA,MOWER
27101,MINNESOTA,MURRAY
27103,MINNESOTA,NICOLLET
27105,MINNESOTA,NOBLES
27107,MINNESOTA,NORMAN
27109,MINNESOTA,OLMSTED
27111,MINNESOTA,OTTER TAIL
27113,MINNESOTA,PENNINGTON
27115,MINNESOTA,PINE
27117,MINNESOTA,PIPESTONE
27119,MINNESOTA,POLK
27121,MINNESOTA,POPE
27123,MINNESOTA,RAMSEY
27125,MINNESOTA,RED LAKE
27127,MINNESOTA,REDWOOD
27129,MINNESOTA,RENVILLE
27131,MINNESOTA,RICE
27133,MINNESOTA,ROCK
27135,MINNESOTA,ROSEAU
27137,MINNESOTA,ST LOUIS
27139,MINNESOTA,SCOTT
27141,MINNESOTA,SHERBURNE
27143,MINNESOTA,SIBLEY
27145,MINNESOTA,STEARNS
27147,MINNESOTA,STEELE
27149,MINNESOTA,STEVENS
27151,MINNESOTA,SWIFT
27153,MINNESOTA,TODD
27155,MINNESOTA,TRAVERSE
27157,MINNESOTA,WABASHA
27159,MINNESOTA,WADENA
27161,MINNESOTA,WASECA
27163,MINNESOTA,WASHINGTON
27165,MINNESOTA,WATONWAN
27167,MINNESOTA,WILKIN
27169,MINNESOTA,WINONA
27171,MINNESOTA,WRIGHT
27173,MINNESOTA,YELLOW MEDICINE
28001,MISSISSIPPI,ADAMS
28003,MISSISSIPPI,ALCORN
28005,MISSISSIPPI,AMITE
28007,MISSISSIPPI,ATTALA
28009,MISSISSIPPI,BENTON
28011,MISSISSIPPI,BOLIVAR
28013,MISSISSIPPI,CALHOUN
28015,MISSISSIPPI,CARROLL
28017,MISSISSIPPI,CHICKASAW
28019,MISSISSIPPI,CHOCTAW
28021,MISSISSIPPI,CLAIBORNE
28023,MISSISSIPPI,CLARKE
28025,MISSISSIPPI,CLAY
28027,MISSISSIPPI,COAHOMA
28029,MISSISSIPPI,COPIAH
28031,MISSISSIPPI,COVINGTON
28033,MISSISSIPPI,DESOTO
28035,MISSISSIPPI,FORREST
28037,MISSISSIPPI,FRANKLIN
28039,MISSISSIPPI,GEORGE
28041,MISSISSIPPI,GREENE
28043,MISSISSIPPI,GRENADA
28045,MISSISSIPPI,HANCOCK
28047,MISSISSIPPI,HARRISON
28049,MISSISSIPPI,HINDS
28051,MISSISSIPPI,HOLMES
28053,MISSISSIPPI,HUMPHREYS
28055,MISSISSIPPI,ISSAQUENA
28057,MISSISSIPPI,ITAWAMBA
28059,MISSISSIPPI,JACKSON
28061,MISSISSIPPI,JASPER
28063,MISSISSIPPI,JEFFERSON
28065,MISSISSIPPI,JEFFERSON DAVIS
28067,MISSISSIPPI,JONES
28069,MISSISSIPPI,KEMPER
28071,MISSISSIPPI,LAFAYETTE
28073,MISSISSIPPI,LAMAR
28075,MISSISSIPPI,LAUDERDALE
28077,MISSISSIPPI,LAWRENCE
28079,MISSISSIPPI,LEAKE
28081,MISSISSIPPI,LEE
28083,MISSISSIPPI,LEFLORE
28085,MISSISSIPPI,LINCOLN
28087,MISSISSIPPI,LOWNDES
28089,MISSISSIPPI,MADISON
28091,MISSISSIPPI,MARION
28093,MISSISSIPPI,MARSHALL
28095,MISSISSIPPI,MONROE
28097,MISSISSIPPI,MONTGOMERY
28099,MISSISSIPPI,NESHOBA
28101,MISSISSIPPI,NEWTON
28103,MISSISSIPPI,NOXUBEE
28105,MISSISSIPPI,OKTIBBEHA
28107,MISSISSIPPI,PANOLA
28109,MISSISSIPPI,PEARL RIVER
28111,MISSISSIPPI,PERRY
28113,MISSISSIPPI,PIKE
28115,MISSISSIPPI,PONTOTOC
28117,MISSISSIPPI,PRENTISS
28119,MISSISSIPPI,QUITMAN
28121,MISSISSIPPI,RANKIN
28123,MISSISSIPPI,SCOTT
28125,MISSISSIPPI,SHARKEY
28127,MISSISSIPPI,SIMPSON
28129,MISSISSIPPI,SMITH
28131,MISSISSIPPI,STONE
28133,MISSISSIPPI,SUNFLOWER
28135,MISSISSIPPI,TALLAHATCHIE
28137,MISSISSIPPI,TATE
28139,MISSISSIPPI,TIPPAH
28141,MISSISSIPPI,TISHOMINGO
28143,MISSISSIPPI,TUNICA
28145,MISSISSIPPI,UNION
28147,MISSISSIPPI,WALTHALL
28149,MISSISSIPPI,WARREN
28151,MISSISSIPPI,WASHINGTON
28153,MISSISSIPPI,WAYNE
28155,MISSISSIPPI,WEBSTER
28157,MISSISSIPPI,WILKINSON
28159,MISSISSIPPI,WINSTON
28161,MISSISSIPPI,YALOBUSHA
28163,MISSISSIPPI,YAZOO
29001,MISSOURI,ADAIR
29003,MISSOURI,ANDREW
29005,MISSOURI,ATCHISON
29007,MISSOURI,AUDRAIN
29009,MISSOURI,BARRY
29011,MISSOURI,BARTON
29013,MISSOURI,BATES
29015,MISSOURI,BENTON
29017,MISSOURI,BOLLINGER
29019,MISSOURI,BOONE
29021,MISSOURI,BUCHANAN
29023,MISSOURI,BUTLER
29025,MISSOURI,CALDWELL
29027,MISSOURI,CALLAWAY
29029,MISSOURI,CAMDEN
29031,MISSOURI,CAPE GIRARDEAU
29033,MISSOURI,CARROLL
29035,MISSOURI,CARTER
29037,MISSOURI,CASS
29039,MISSOURI,CEDAR
29041,MISSOURI,CHARITON
29043,MISSOURI,CHRISTIAN
29045,MISSOURI,CLARK
29047,MISSOURI,CLAY
29049,MISSOURI,CLINTON
29051,MISSOURI,COLE
29053,MISSOURI,COOPER
29055,MISSOURI,CRAWFORD
29057,MISSOURI,DADE
29059,MISSOURI,DALLAS
29061,MISSOURI,DAVIESS
29063,MISSOURI,DEKALB
29065,MISSOURI,DENT
29067,MISSOURI,DOUGLAS
29069,MISSOURI,DUNKLIN
29071,MISSOURI,FRANKLIN
29073,MISSOURI,GASCONADE
29075,MISSOURI,GENTRY
29077,MISSOURI,GREENE
29079,MISSOURI,GRUNDY
29081,MISSOURI,HARRISON
29083,MISSOURI,HENRY
29085,MISSOURI,HICKORY
29087,MISSOURI,HOLT
29089,MISSOURI,HOWARD
29091,MISSOURI,HOWELL
29093,MISSOURI,IRON
29095,MISSOURI,JACKSON
29097,MISSOURI,JASPER
29099,MISSOURI,JEFFERSON
29101,MISSOURI,JOHNSON
29103,MISSOURI,KNOX
29105,MISSOURI,LACLEDE
29107,MISSOURI,LAFAYETTE
29109,MISSOURI,LAWRENCE
29111,MISSOURI,LEWIS
29113,MISSOURI,LINCOLN
29115,MISSOURI,LINN
29117,MISSOURI,LIVINGSTON
29119,MISSOURI,MCDONALD
29121,MISSOURI,MACON
29123,MISSOURI,MADISON
29125,MISSOURI,MARIES
29127,MISSOURI,MARION
29129,MISSOURI,MERCER
29131,MISSOURI,MILLER
29133,MISSOURI,MISSISSIPPI
29135,MISSOURI,MONITEAU
29137,MISSOURI,MONROE
29139,MISSOURI,MONTGOMERY
29141,MISSOURI,MORGAN
29143,MISSOURI,NEW MADRID
29145,MISSOURI,NEWTON
29147,MISSOURI,NODAWAY
29149,MISSOURI,OREGON
29151,MISSOURI,OSAGE
29153,MISSOURI,OZARK
29155,MISSOURI,PEMISCOT
29157,MISSOURI,PERRY
29159,MISSOURI,PETTIS
29161,MISSOURI,PHELPS
29163,MISSOURI,PIKE
29165,MISSOURI,PLATTE
29167,MISSOURI,POLK
29169,MISSOURI,PULASKI
29171,MISSOURI,PUTNAM
29173,MISSOURI,RALLS
29175,MISSOURI,RANDOLPH
29177,MISSOURI,RAY
29179,MISSOURI,REYNOLDS
29181,MISSOURI,RIPLEY
29183,MISSOURI,ST CHARLES
29185,MISSOURI,ST CLAIR
29186,MISSOURI,STE GENEVIEVE
29187,MISSOURI,ST FRANCOIS
29189,MISSOURI,ST LOUIS
29195,MISSOURI,SALINE
29197,MISSOURI,SCHUYLER
29199,MISSOURI,SCOTLAND
29201,MISSOURI,SCOTT
29203,MISSOURI,SHANNON
29205,MISSOURI,SHELBY
29207,MISSOURI,STODDARD
29209,MISSOURI,STONE
29211,MISSOURI,SULLIVAN
29213,MISSOURI,TANEY
29215,MISSOURI,TEXAS
29217,MISSOURI,VERNON
29219,MISSOURI,WARREN
29221,MISSOURI,WASHINGTON
29223,MISSOURI,WAYNE
29225,MISSOURI,WEBSTER
29227,MISSOURI,WORTH
29229,MISSOURI,WRIGHT
29510,MISSOURI,ST LOUIS CITY
30001,MONTANA,BEAVERHEAD
30003,MONTANA,BIG HORN
30005,MONTANA,BLAINE
30007,MONTANA,BROADWATER
30009,MONTANA,CARBON
30011,MONTANA,CARTER
30013,MONTANA,CASCADE
30015,MONTANA,CHOUTEAU
30017,MONTANA,CUSTER
30019,MONTANA,DANIELS
30021,MONTANA,DAWSON
30023,MONTANA,DEER LODGE
30025,MONTANA,FALLON
30027,MONTANA,FERGUS
30029,MONTANA,FLATHEAD
30031,MONTANA,GALLATIN
30033,MONTANA,GARFIELD
30035,MONTANA,GLACIER
30037,MONTANA,GOLDEN VALLEY
30039,MONTANA,GRANITE
30041,MONTANA,HILL
30043,MONTANA,JEFFERSON
30045,MONTANA,JUDITH BASIN
30047,MONTANA,LAKE
30049,MONTANA,LEWIS AND CLARK
30051,MONTANA,LIBERTY
30053,MONTANA,LINCOLN
30055,MONTANA,MCCONE
30057,MONTANA,MADISON
30059,MONTANA,MEAGHER
30061,MONTANA,MINERAL
30063,MONTANA,MISSOULA
30065,MONTANA,MUSSELSHELL
30067,MONTANA,PARK
30069,MONTANA,PETROLEUM
30071,MONTANA,PHILLIPS
30073,MONTANA,PONDERA
30075,MONTANA,POWDER RIVER
30077,MONTANA,POWELL
30079,MONTANA,PRAIRIE
30081,MONTANA,RAVALLI
30083,MONTANA,RICHLAND
30085,MONTANA,ROOSEVELT
30087,MONTANA,ROSEBUD
30089,MONTANA,SANDERS
30091,MONTANA,SHERIDAN
30093,MONTANA,SILVER BOW
30095,MONTANA,STILLWATER
30097,MONTANA,SWEET GRASS
30099,MONTANA,TETON
30101,MONTANA,TOOLE
30103,MONTANA,TREASURE
30105,MONTANA,VALLEY
30107,MONTANA,WHEATLAND
30109,MONTANA,WIBAUX
30111,MONTANA,YELLOWSTONE
31001,NEBRASKA,ADAMS
31003,NEBRASKA,ANTELOPE
31005,NEBRASKA,ARTHUR
31007,NEBRASKA,BANNER
31009,NEBRASKA,BLAINE
31011,NEBRASKA,BOONE
31013,NEBRASKA,BOX BUTTE
31015,NEBRASKA,BOYD
31017,NEBRASKA,BROWN
31019,NEBRASKA,BUFFALO
31021,NEBRASKA,BURT
31023,NEBRASKA,BUTLER
31025,NEBRASKA,CASS
31027,NEBRASKA,CEDAR
31029,NEBRASKA,CHASE
31031,NEBRASKA,CHERRY
31033,NEBRASKA,CHEYENNE
31035,NEBRASKA,CLAY
31037,NEBRASKA,COLFAX
31039,NEBRASKA,CUMING
31041,NEBRASKA,CUSTER
31043,NEBRASKA,DAKOTA
31045,NEBRASKA,DAWES
31047,NEBRASKA,DAWSON
31049,NEBRASKA,DEUEL
31051,NEBRASKA,DIXON
31053,NEBRASKA,DODGE
31055,NEBRASKA,DOUGLAS
31057,NEBRASKA,DUNDY
31059,NEBRASKA,FILLMORE
31061,NEBRASKA,FRANKLIN
31063,NEBRASKA,FRONTIER
31065,NEBRASKA,FURNAS
31067,NEBRASKA,GAGE
31069,NEBRASKA,GARDEN
31071,NEBRASKA,GARFIELD
31073,NEBRASKA,GOSPER
31075,NEBRASKA,GRANT
31077,NEBRASKA,GREELEY
31079,NEBRASKA,HALL
31081,NEBRASKA,HAMILTON
31083,NEBRASKA,HARLAN
31085,NEBRASKA,HAYES
31087,NEBRASKA,HITCHCOCK
31089,NEBRASKA,HOLT
31091,NEBRASKA,HOOKER
31093,NEBRASKA,HOWARD
31095,NEBRASKA,JEFFERSON
31097,NEBRASKA,JOHNSON
31099,NEBRASKA,KEARNEY
31101,NEBRASKA,KEITH
31103,NEBRASKA,KEYA PAHA
31105,NEBRASKA,KIMBALL
31107,NEBRASKA,KNOX
31109,NEBRASKA,LANCASTER
31111,NEBRASKA,LINCOLN
31113,NEBRASKA,LOGAN
31115,NEBRASKA,LOUP
31117,NEBRASKA,MCPHERSON
31119,NEBRASKA,MADISON
31121,NEBRASKA,MERRICK
31123,NEBRASKA,MORRILL
31125,NEBRASKA,NANCE
31127,NEBRASKA,NEMAHA
31129,NEBRASKA,NUCKOLLS
31131,NEBRASKA,OTOE
31133,NEBRASKA,PAWNEE
31135,NEBRASKA,PERKINS
31137,NEBRASKA,PHELPS
31139,NEBRASKA,PIERCE
31141,NEBRASKA,PLATTE
31143,NEBRASKA,POLK
31145,NEBRASKA,RED WILLOW
31147,NEBRASKA,RICHARDSON
31149,NEBRASKA,ROCK
31151,NEBRASKA,SALINE
31153,NEBRASKA,SARPY
31155,NEBRASKA,SAUNDERS
31157,NEBRASKA,SCOTTS BLUFF
31159,NEBRASKA,SEWARD
31161,NEBRASKA,SHERIDAN
31163,NEBRASKA,SHERMAN
31165,NEBRASKA,SIOUX
31167,NEBRASKA,STANTON
31169,NEBRASKA,THAYER
31171,NEBRASKA,THOMAS
31173,NEBRASKA,THURSTON
31175,NEBRASKA,VALLEY
31177,NEBRASKA,WASHINGTON
31179,NEBRASKA,WAYNE
31181,NEBRASKA,WEBSTER
31183,NEBRASKA,WHEELER
31185,NEBRASKA,YORK
32001,NEVADA,CHURCHILL
32003,NEVADA,CLARK
32005,NEVADA,DOUGLAS
32007,NEVADA,ELKO
32009,NEVADA,ESMERALDA
32011,NEVADA,EUREKA
32013,NEVADA,HUMBOLDT
32015,NEVADA,LANDER
32017,NEVADA,LINCOLN
32019,NEVADA,LYON
32021,NEVADA,MINERAL
32023,NEVADA,NYE
32027,NEVADA,PERSHING
32029,NEVADA,STOREY
32031,NEVADA,WASHOE
32033,NEVADA,WHITE PINE
32510,NEVADA,CARSON CITY
33001,NEW HAMPSHIRE,BELKNAP
33003,NEW HAMPSHIRE,CARROLL
33005,NEW HAMPSHIRE,CHESHIRE
33007,NEW HAMPSHIRE,COOS
33009,NEW HAMPSHIRE,GRAFTON
33011,NEW HAMPSHIRE,HILLSBOROUGH
33013,NEW HAMPSHIRE,MERRIMACK
33015,NEW HAMPSHIRE,ROCKINGHAM
33017,NEW HAMPSHIRE,STRAFFORD
33019,NEW HAMPSHIRE,SULLIVAN
34001,NEW JERSEY,ATLANTIC
34003,NEW JERSEY,BERGEN
34005,NEW JERSEY,BURLINGTON
34007,NEW JERSEY,CAMDEN
34009,NEW JERSEY,CAPE MAY
34011,NEW JERSEY,CUMBERLAND
34013,NEW JERSEY,ESSEX
34015,NEW JERSEY,GLOUCESTER
34017,NEW JERSEY,HUDSON
34019,NEW JERSEY,HUNTERDON
34021,NEW JERSEY,MERCER
34023,NEW JERSEY,MIDDLESEX
34025,NEW JERSEY,MONMOUTH
34027,NEW JERSEY,MORRIS
34029,NEW JERSEY,OCEAN
34031,NEW JERSEY,PASSAIC
34033,NEW JERSEY,SALEM
34035,NEW JERSEY,SOMERSET
34037,NEW JERSEY,SUSSEX
34039,NEW JERSEY,UNION
34041,NEW JERSEY,WARREN
35001,NEW MEXICO,BERNALILLO
35003,NEW MEXICO,CATRON
35005,NEW MEXICO,CHAVES
35006,NEW MEXICO,CIBOLA
35007,NEW MEXICO,COLFAX
35009,NEW MEXICO,CURRY
35011,NEW MEXICO,DE BACA
35013,NEW MEXICO,DONA ANA
35015,NEW MEXICO,EDDY
35017,NEW MEXICO,GRANT
35019,NEW MEXICO,GUADALUPE
35021,NEW MEXICO,HARDING
35023,NEW MEXICO,HIDALGO
35025,NEW MEXICO,LEA
35027,NEW MEXICO,LINCOLN
35028,NEW MEXICO,LOS ALAMOS
35029,NEW MEXICO,LUNA
35031,NEW MEXICO,MCKINLEY
35033,NEW MEXICO,MORA
35035,NEW MEXICO,OTERO
35037,NEW MEXICO,QUAY
35039,NEW MEXICO,RIO ARRIBA
35041,NEW MEXICO,ROOSEVELT
35043,NEW MEXICO,SANDOVAL
35045,NEW MEXICO,SAN JUAN
35047,NEW MEXICO,SAN MIGUEL
35049,NEW MEXICO,SANTA FE
35051,NEW MEXICO,SIERRA
35053,NEW MEXICO,SOCORRO
35055,NEW MEXICO,TAOS
35057,NEW MEXICO,TORRANCE
35059,NEW MEXICO,UNION
35061,NEW MEXICO,VALENCIA
36001,NEW YORK,ALBANY
36003,NEW YORK,ALLEGANY
36005,NEW YORK,BRONX
36007,NEW YORK,BROOME
36009,NEW YORK,CATTARAUGUS
36011,NEW YORK,CAYUGA
36013,NEW YORK,CHAUTAUQUA
36015,NEW YORK,CHEMUNG
36017,NEW YORK,CHENANGO
36019,NEW YORK,CLINTON
36021,NEW YORK,COLUMBIA
36023,NEW YORK,CORTLAND
36025,NEW YORK,DELAWARE
36027,NEW YORK,DUTCHESS
36029,NEW YORK,ERIE
36031,NEW YORK,ESSEX
36033,NEW YORK,FRANKLIN
36035,NEW YORK,FULTON
36037,NEW YORK,GENESEE
36039,NEW YORK,GREENE
36041,NEW YORK,HAMILTON
36043,NEW YORK,HERKIMER
36045,NEW YORK,JEFFERSON
36047,NEW YORK,KINGS
36049,NEW YORK,LEWIS
36051,NEW YORK,LIVINGSTON
36053,NEW YORK,MADISON
36055,NEW YORK,MONROE
36057,NEW YORK,MONTGOMERY
36059,NEW YORK,NASSAU
36061,NEW YORK,NEW YORK
36063,NEW YORK,NIAGARA
36065,NEW YORK,ONEIDA
36067,NEW YORK,ONONDAGA
36069,NEW YORK,ONTARIO
36071,NEW YORK,ORANGE
36073,NEW YORK,ORLEANS
36075,NEW YORK,OSWEGO
36077,NEW YORK,OTSEGO
36079,NEW YORK,PUTNAM
36081,NEW YORK,QUEENS
36083,NEW YORK,RENSSELAER
36085,NEW YORK,RICHMOND
36087,NEW YORK,ROCKLAND
36089,NEW YORK,ST LAWRENCE
36091,NEW YORK,SARATOGA
36093,NEW YORK,SCHENECTADY
36095,NEW YORK,SCHOHARIE
36097,NEW YORK,SCHUYLER
36099,NEW YORK,SENECA
36101,NEW YORK,STEUBEN
36103,NEW YORK,SUFFOLK
36105,NEW YORK,SULLIVAN
36107,NEW YORK,TIOGA
36109,NEW YORK,TOMPKINS
36111,NEW YORK,ULSTER
36113,NEW YORK,WARREN
36115,NEW YORK,WASHINGTON
36117,NEW YORK,WAYNE
36119,NEW YORK,WESTCHESTER
36121,NEW YORK,WYOMING
36123,NEW YORK,YATES
37001,NORTH CAROLINA,ALAMANCE
37003,NORTH CAROLINA,ALEXANDER
37005,NORTH CAROLINA,ALLEGHANY
37007,NORTH CAROLINA,ANSON
37009,NORTH CAROLINA,ASHE
37011,NORTH CAROLINA,AVERY
37013,NORTH CAROLINA,BEAUFORT
37015,NORTH CAROLINA,BERTIE
37017,NORTH CAROLINA,BLADEN
37019,NORTH CAROLINA,BRUNSWICK
37021,NORTH CAROLINA,BUNCOMBE
37023,NORTH CAROLINA,BURKE
37025,NORTH CAROLINA,CABARRUS
37027,NORTH CAROLINA,CALDWELL
37029,NORTH CAROLINA,CAMDEN
37031,NORTH CAROLINA,CARTERET
37033,NORTH CAROLINA,CASWELL
37035,NORTH CAROLINA,CATAWBA
37037,NORTH CAROLINA,CHATHAM
37039,NORTH CAROLINA,CHEROKEE
37041,NORTH CAROLINA,CHOWAN
37043,NORTH CAROLINA,CLAY
37045,NORTH CAROLINA,CLEVELAND
37047,NORTH CAROLINA,COLUMBUS
37049,NORTH CAROLINA,CRAVEN
37051,NORTH CAROLINA,CUMBERLAND
37053,NORTH CAROLINA,CURRITUCK
37055,NORTH CAROLINA,DARE
37057,NORTH CAROLINA,DAVIDSON
37059,NORTH CAROLINA,DAVIE
37061,NORTH CAROLINA,DUPLIN
37063,NORTH CAROLINA,DURHAM
37065,NORTH CAROLINA,EDGECOMBE
37067,NORTH CAROLINA,FORSYTH
37069,NORTH CAROLINA,FRANKLIN
37071,NORTH CAROLINA,GASTON
37073,NORTH CAROLINA,GATES
37075,NORTH CAROLINA,GRAHAM
37077,NORTH CAROLINA,GRANVILLE
37079,NORTH CAROLINA,GREENE
37081,NORTH CAROLINA,GUILFORD
37083,NORTH CAROLINA,HALIFAX
37085,NORTH CAROLINA,HARNETT
37087,NORTH CAROLINA,HAYWOOD
37089,NORTH CAROLINA,HENDERSON
37091,NORTH CAROLINA,HERTFORD
37093,NORTH CAROLINA,HOKE
37095,NORTH CAROLINA,HYDE
37097,NORTH CAROLINA,IREDELL
37099,NORTH CAROLINA,JACKSON
37101,NORTH CAROLINA,JOHNSTON
37103,NORTH CAROLINA,JONES
37105,NORTH CAROLINA,LEE
37107,NORTH CAROLINA,LENOIR
37109,NORTH CAROLINA,LINCOLN
37111,NORTH CAROLINA,MCDOWELL
37113,NORTH CAROLINA,MACON
37115,NORTH CAROLINA,MADISON
37117,NORTH CAROLINA,MARTIN
37119,NORTH CAROLINA,MECKLENBURG
37121,NORTH CAROLINA,MITCHELL
37123,NORTH CAROLINA,MONTGOMERY
37125,NORTH CAROLINA,MOORE
37127,NORTH CAROLINA,NASH
37129,NORTH CAROLINA,NEW HANOVER
37131,NORTH CAROLINA,NORTHAMPTON
37133,NORTH CAROLINA,ONSLOW
37135,NORTH CAROLINA,ORANGE
37137,NORTH CAROLINA,PAMLICO
37139,NORTH CAROLINA,PASQUOTANK
37141,NORTH CAROLINA,PENDER
37143,NORTH CAROLINA,PERQUIMANS
37145,NORTH CAROLINA,PERSON
37147,NORTH CAROLINA,PITT
37149,NORTH CAROLINA,POLK
37151,NORTH CAROLINA,RANDOLPH
37153,NORTH CAROLINA,RICHMOND
37155,NORTH CAROLINA,ROBESON
37157,NORTH CAROLINA,ROCKINGHAM
37159,NORTH CAROLINA,ROWAN
37161,NORTH CAROLINA,RUTHERFORD
37163,NORTH CAROLINA,SAMPSON
37165,NORTH CAROLINA,SCOTLAND
37167,NORTH CAROLINA,STANLY
37169,NORTH CAROLINA,STOKES
37171,NORTH CAROLINA,SURRY
37173,NORTH CAROLINA,SWAIN
37175,NORTH CAROLINA,TRANSYLVANIA
37177,NORTH CAROLINA,TYRRELL
37179,NORTH CAROLINA,UNION
37181,NORTH CAROLINA,VANCE
37183,NORTH CAROLINA,WAKE
37185,NORTH CAROLINA,WARREN
37187,NORTH CAROLINA,WASHINGTON
37189,NORTH CAROLINA,WATAUGA
37191,NORTH CAROLINA,WAYNE
37193,NORTH CAROLINA,WILKES
37195,NORTH CAROLINA,WILSON
37197,NORTH CAROLINA,YADKIN
37199,NORTH CAROLINA,YANCEY
38001,NORTH DAKOTA,ADAMS
38003,NORTH DAKOTA,BARNES
38005,NORTH DAKOTA,BENSON
38007,NORTH DAKOTA,BILLINGS
38009,NORTH DAKOTA,BOTTINEAU
38011,NORTH DAKOTA,BOWMAN
38013,NORTH DAKOTA,BURKE
38015,NORTH DAKOTA,BURLEIGH
38017,NORTH DAKOTA,CASS
38019,NORTH DAKOTA,CAVALIER
38021,NORTH DAKOTA,DICKEY
38023,NORTH DAKOTA,DIVIDE
38025,NORTH DAKOTA,DUNN
38027,NORTH DAKOTA,EDDY
38029,NORTH DAKOTA,EMMONS
38031,NORTH DAKOTA,FOSTER
38033,NORTH DAKOTA,GOLDEN VALLEY
38035,NORTH DAKOTA,GRAND FORKS
38037,NORTH DAKOTA,GRANT
38039,NORTH DAKOTA,GRIGGS
38041,NORTH DAKOTA,HETTINGER
38043,NORTH DAKOTA,KIDDER
38045,NORTH DAKOTA,LAMOURE
38047,NORTH DAKOTA,LOGAN
38049,NORTH DAKOTA,MCHENRY
38051,NORTH DAKOTA,MCINTOSH
38053,NORTH DAKOTA,MCKENZIE
38055,NORTH DAKOTA,MCLEAN
38057,NORTH DAKOTA,MERCER
38059,NORTH DAKOTA,MORTON
38061,NORTH DAKOTA,MOUNTRAIL
38063,NORTH DAKOTA,NELSON
38065,NORTH DAKOTA,OLIVER
38067,NORTH DAKOTA,PEMBINA
38069,NORTH DAKOTA,PIERCE
38071,NORTH DAKOTA,RAMSEY
38073,NORTH DAKOTA,RANSOM
38075,NORTH DAKOTA,RENVILLE
38077,NORTH DAKOTA,RICHLAND
38079,NORTH DAKOTA,ROLETTE
38081,NORTH DAKOTA,SARGENT
38083,NORTH DAKOTA,SHERIDAN
38085,NORTH DAKOTA,SIOUX
38087,NORTH DAKOTA,SLOPE
38089,NORTH DAKOTA,STARK
38091,NORTH DAKOTA,STEELE
38093,NORTH DAKOTA,STUTSMAN
38095,NORTH DAKOTA,TOWNER
38097,NORTH DAKOTA,TRAILL
38099,NORTH DAKOTA,WALSH
38101,NORTH DAKOTA,WARD
38103,NORTH DAKOTA,WELLS
38105,NORTH DAKOTA,WILLIAMS
39001,OHIO,ADAMS
39003,OHIO,ALLEN
39005,OHIO,ASHLAND
39007,OHIO,ASHTABULA
39009,OHIO,ATHENS
39011,OHIO,AUGLAIZE
39013,OHIO,BELMONT
39015,OHIO,BROWN
39017,OHIO,BUTLER
39019,OHIO,CARROLL
39021,OHIO,CHAMPAIGN
39023,OHIO,CLARK
39025,OHIO,CLERMONT
39027,OHIO,CLINTON
39029,OHIO,COLUMBIANA
39031,OHIO,COSHOCTON
39033,OHIO,CRAWFORD
39035,OHIO,CUYAHOGA
39037,OHIO,DARKE
39039,OHIO,DEFIANCE
39041,OHIO,DELAWARE
39043,OHIO,ERIE
39045,OHIO,FAIRFIELD
39047,OHIO,FAYETTE
39049,OHIO,FRANKLIN
39051,OHIO,FULTON
39053,OHIO,GALLIA
39055,OHIO,GEAUGA
39057,OHIO,GREENE
39059,OHIO,GUERNSEY
39061,OHIO,HAMILTON
39063,OHIO,HANCOCK
39065,OHIO,HARDIN
39067,OHIO,HARRISON
39069,OHIO,HENRY
39071,OHIO,HIGHLAND
39073,OHIO,HOCKING
39075,OHIO,HOLMES
39077,OHIO,HURON
39079,OHIO,JACKSON
39081,OHIO,JEFFERSON
39083,OHIO,KNOX
39085,OHIO,LAKE
39087,OHIO,LAWRENCE
39089,OHIO,LICKING
39091,OHIO,LOGAN
39093,OHIO,LORAIN
39095,OHIO,LUCAS
39097,OHIO,MADISON
39099,OHIO,MAHONING
39101,OHIO,MARION
39103,OHIO,MEDINA
39105,OHIO,MEIGS
39107,OHIO,MERCER
39109,OHIO,MIAMI
39111,OHIO,MONROE
39113,OHIO,MONTGOMERY
39115,OHIO,MORGAN
39117,OHIO,MORROW
39119,OHIO,MUSKINGUM
39121,OHIO,NOBLE
39123,OHIO,OTTAWA
39125,OHIO,PAULDING
39127,OHIO,PERRY
39129,OHIO,PICKAWAY
39131,OHIO,PIKE
39133,OHIO,PORTAGE
39135,OHIO,PREBLE
39137,OHIO,PUTNAM
39139,OHIO,RICHLAND
39141,OHIO,ROSS
39143,OHIO,SANDUSKY
39145,OHIO,SCIOTO
39147,OHIO,SENECA
39149,OHIO,SHELBY
39151,OHIO,STARK
39153,OHIO,SUMMIT
39155,OHIO,TRUMBULL
39157,OHIO,TUSCARAWAS
39159,OHIO,UNION
39161,OHIO,VAN WERT
39163,OHIO,VINTON
39165,OHIO,WARREN
39167,OHIO,WASHINGTON
39169,OHIO,WAYNE
39171,OHIO,WILLIAMS
39173,OHIO,WOOD
39175,OHIO,WYANDOT
40001,OKLAHOMA,ADAIR
40003,OKLAHOMA,ALFALFA
40005,OKLAHOMA,ATOKA
40007,OKLAHOMA,BEAVER
40009,OKLAHOMA,BECKHAM
40011,OKLAHOMA,BLAINE
40013,OKLAHOMA,BRYAN
40015,OKLAHOMA,CADDO
40017,OKLAHOMA,CANADIAN
40019,OKLAHOMA,CARTER
40021,OKLAHOMA,CHEROKEE
40023,OKLAHOMA,CHOCTAW
40025,OKLAHOMA,CIMARRON
40027,OKLAHOMA,CLEVELAND
40029,OKLAHOMA,COAL
40031,OKLAHOMA,COMANCHE
40033,OKLAHOMA,COTTON
40035,OKLAHOMA,CRAIG
40037,OKLAHOMA,CREEK
40039,OKLAHOMA,CUSTER
40041,OKLAHOMA,DELAWARE
40043,OKLAHOMA,DEWEY
40045,OKLAHOMA,ELLIS
40047,OKLAHOMA,GARFIELD
40049,OKLAHOMA,GARVIN
40051,OKLAHOMA,GRADY
40053,OKLAHOMA,GRANT
40055,OKLAHOMA,GREER
40057,OKLAHOMA,HARMON
40059,OKLAHOMA,HARPER
40061,OKLAHOMA,HASKELL
40063,OKLAHOMA,HUGHES
40065,OKLAHOMA,JACKSON
40067,OKLAHOMA,JEFFERSON
40069,OKLAHOMA,JOHNSTON
40071,OKLAHOMA,KAY
40073,OKLAHOMA,KINGFISHER
40075,OKLAHOMA,KIOWA
40077,OKLAHOMA,LATIMER
40079,OKLAHOMA,LE FLORE
40081,OKLAHOMA,LINCOLN
40083,OKLAHOMA,LOGAN
40085,OKLAHOMA,LOVE
40087,OKLAHOMA,MCCLAIN
40089,OKLAHOMA,MCCURTAIN
40091,OKLAHOMA,MCINTOSH
40093,OKLAHOMA,MAJOR
40095,OKLAHOMA,MARSHALL
40097,OKLAHOMA,MAYES
40099,OKLAHOMA,MURRAY
40101,OKLAHOMA,MUSKOGEE
40103,OKLAHOMA,NOBLE
40105,OKLAHOMA,NOWATA
40107,OKLAHOMA,OKFUSKEE
40109,OKLAHOMA,OKLAHOMA
40111,OKLAHOMA,OKMULGEE
40113,OKLAHOMA,OSAGE
40115,OKLAHOMA,OTTAWA
40117,OKLAHOMA,PAWNEE
40119,OKLAHOMA,PAYNE
40121,OKLAHOMA,PITTSBURG
40123,OKLAHOMA,PONTOTOC
40125,OKLAHOMA,POTTAWATOMIE
40127,OKLAHOMA,PUSHMATAHA
40129,OKLAHOMA,ROGER MILLS
40131,OKLAHOMA,ROGERS
40133,OKLAHOMA,SEMINOLE
40135,OKLAHOMA,SEQUOYAH
40137,OKLAHOMA,STEPHENS
40139,OKLAHOMA,TEXAS
40141,OKLAHOMA,TILLMAN
40143,OKLAHOMA,TULSA
40145,OKLAHOMA,WAGONER
40147,OKLAHOMA,WASHINGTON
40149,OKLAHOMA,WASHITA
40151,OKLAHOMA,WOODS
40153,OKLAHOMA,WOODWARD
41001,OREGON,BAKER
41003,OREGON,BENTON
41005,OREGON,CLACKAMAS
41007,OREGON,CLATSOP
41009,OREGON,COLUMBIA
41011,OREGON,COOS
41013,OREGON,CROOK
41015,OREGON,CURRY
41017,OREGON,DESCHUTES
41019,OREGON,DOUGLAS
41021,OREGON,GILLIAM
41023,OREGON,GRANT
41025,OREGON,HARNEY
41027,OREGON,HOOD RIVER
41029,OREGON,JACKSON
41031,OREGON,JEFFERSON
41033,OREGON,JOSEPHINE
41035,OREGON,KLAMATH
41037,OREGON,LAKE
41039,OREGON,LANE
41041,OREGON,LINCOLN
41043,OREGON,LINN
41045,OREGON,MALHEUR
41047,OREGON,MARION
41049,OREGON,MORROW
41051,OREGON,MULTNOMAH
41053,OREGON,POLK
41055,OREGON,SHERMAN
41057,OREGON,TILLAMOOK
41059,OREGON,UMATILLA
41061,OREGON,UNION
41063,OREGON,WALLOWA
41065,OREGON,WASCO
41067,OREGON,WASHINGTON
41069,OREGON,WHEELER
41071,OREGON,YAMHILL
42001,PENNSYLVANIA,ADAMS
42003,PENNSYLVANIA,ALLEGHENY
42005,PENNSYLVANIA,ARMSTRONG
42007,PENNSYLVANIA,BEAVER
42009,PENNSYLVANIA,BEDFORD
42011,PENNSYLVANIA,BERKS
42013,PENNSYLVANIA,BLAIR
42015,PENNSYLVANIA,BRADFORD
42017,PENNSYLVANIA,BUCKS
42019,PENNSYLVANIA,BUTLER
42021,PENNSYLVANIA,CAMBRIA
42023,PENNSYLVANIA,CAMERON
42025,PENNSYLVANIA,CARBON
42027,PENNSYLVANIA,CENTRE
42029,PENNSYLVANIA,CHESTER
42031,PENNSYLVANIA,CLARION
42033,PENNSYLVANIA,CLEARFIELD
42035,PENNSYLVANIA,CLINTON
42037,PENNSYLVANIA,COLUMBIA
42039,PENNSYLVANIA,CRAWFORD
42041,PENNSYLVANIA,CUMBERLAND
42043,PENNSYLVANIA,DAUPHIN
42045,PENNSYLVANIA,DELAWARE
42047,PENNSYLVANIA,ELK
42049,PENNSYLVANIA,ERIE
42051,PENNSYLVANIA,FAYETTE
42053,PENNSYLVANIA,FOREST
42055,PENNSYLVANIA,FRANKLIN
42057,PENNSYLVANIA,FULTON
42059,PENNSYLVANIA,GREENE
42061,PENNSYLVANIA,HUNTINGDON
42063,PENNSYLVANIA,INDIANA
42065,PENNSYLVANIA,JEFFERSON
42067,PENNSYLVANIA,JUNIATA
42069,PENNSYLVANIA,LACKAWANNA
42071,PENNSYLVANIA,LANCASTER
42073,PENNSYLVANIA,LAWRENCE
42075,PENNSYLVANIA,LEBANON
42077,PENNSYLVANIA,LEHIGH
42079,PENNSYLVANIA,LUZERNE
42081,PENNSYLVANIA,LYCOMING
42083,PENNSYLVANIA,MCKEAN
42085,PENNSYLVANIA,MERCER
42087,PENNSYLVANIA,MIFFLIN
42089,PENNSYLVANIA,MONROE
42091,PENNSYLVANIA,MONTGOMERY
42093,PENNSYLVANIA,MONTOUR
42095,PENNSYLVANIA,NORTHAMPTON
42097,PENNSYLVANIA,NORTHUMBERLAND
42099,PENNSYLVANIA,PERRY
42101,PENNSYLVANIA,PHILADELPHIA
42103,PENNSYLVANIA,PIKE
42105,PENNSYLVANIA,POTTER
42107,PENNSYLVANIA,SCHUYLKILL
42109,PENNSYLVANIA,SNYDER
42111,PENNSYLVANIA,SOMERSET
42113,PENNSYLVANIA,SULLIVAN
42115,PENNSYLVANIA,SUSQUEHANNA
42117,PENNSYLVANIA,TIOGA
42119,PENNSYLVANIA,UNION
42121,PENNSYLVANIA,VENANGO
42123,PENNSYLVANIA,WARREN
42125,PENNSYLVANIA,WASHINGTON
42127,PENNSYLVANIA,WAYNE
42129,PENNSYLVANIA,WESTMORELAND
42131,PENNSYLVANIA,WYOMING
42133,PENNSYLVANIA,YORK
44001,RHODE ISLAND,BRISTOL
44003,RHODE ISLAND,KENT
44005,RHODE ISLAND,NEWPORT
44007,RHODE ISLAND,PROVIDENCE
44009,RHODE ISLAND,WASHINGTON
45001,SOUTH CAROLINA,ABBEVILLE
45003,SOUTH CAROLINA,AIKEN
45005,SOUTH CAROLINA,ALLENDALE
45007,SOUTH CAROLINA,ANDERSON
45009,SOUTH CAROLINA,BAMBERG
45011,SOUTH CAROLINA,BARNWELL
45013,SOUTH CAROLINA,BEAUFORT
45015,SOUTH CAROLINA,BERKELEY
45017,SOUTH CAROLINA,CALHOUN
45019,SOUTH CAROLINA,CHARLESTON
45021,SOUTH CAROLINA,CHEROKEE
45023,SOUTH CAROLINA,CHESTER
45025,SOUTH CAROLINA,CHESTERFIELD
45027,SOUTH CAROLINA,CLARENDON
45029,SOUTH CAROLINA,COLLETON
45031,SOUTH CAROLINA,DARLINGTON
45033,SOUTH CAROLINA,DILLON
45035,SOUTH CAROLINA,DORCHESTER
45037,SOUTH CAROLINA,EDGEFIELD
45039,SOUTH CAROLINA,FAIRFIELD
45041,SOUTH CAROLINA,FLORENCE
45043,SOUTH CAROLINA,GEORGETOWN
45045,SOUTH CAROLINA,GREENVILLE
45047,SOUTH CAROLINA,GREENWOOD
45049,SOUTH CAROLINA,HAMPTON
45051,SOUTH CAROLINA,HORRY
45053,SOUTH CAROLINA,JASPER
45055,SOUTH CAROLINA,KERSHAW
45057,SOUTH CAROLINA,LANCASTER
45059,SOUTH CAROLINA,LAURENS
45061,SOUTH CAROLINA,LEE
45063,SOUTH CAROLINA,LEXINGTON
45065,SOUTH CAROLINA,MCCORMICK
45067,SOUTH CAROLINA,MARION
45069,SOUTH CAROLINA,MARLBORO
45071,SOUTH CAROLINA,NEWBERRY
45073,SOUTH CAROLINA,OCONEE
45075,SOUTH CAROLINA,ORANGEBURG
45077,SOUTH CAROLINA,PICKENS
45079,SOUTH CAROLINA,RICHLAND
45081,SOUTH CAROLINA,SALUDA
45083,SOUTH CAROLINA,SPARTANBURG
45085,SOUTH CAROLINA,SUMTER
45087,SOUTH CAROLINA,UNION
45089,SOUTH CAROLINA,WILLIAMSBURG
45091,SOUTH CAROLINA,YORK
46003,SOUTH DAKOTA,AURORA
46005,SOUTH DAKOTA,BEADLE
46007,SOUTH DAKOTA,BENNETT
46009,SOUTH DAKOTA,BON HOMME
46011,SOUTH DAKOTA,BROOKINGS
46013,SOUTH DAKOTA,BROWN
46015,SOUTH DAKOTA,BRULE
46017,SOUTH DAKOTA,BUFFALO
46019,SOUTH DAKOTA,BUTTE
46021,SOUTH DAKOTA,CAMPBELL
46023,SOUTH DAKOTA,CHARLES MIX
46025,SOUTH DAKOTA,CLARK
46027,SOUTH DAKOTA,CLAY
46029,SOUTH DAKOTA,CODINGTON
46031,SOUTH DAKOTA,CORSON
46033,SOUTH DAKOTA,CUSTER
46035,SOUTH DAKOTA,DAVISON
46037,SOUTH DAKOTA,DAY
46039,SOUTH DAKOTA,DEUEL
46041,SOUTH DAKOTA,DEWEY
46043,SOUTH DAKOTA,DOUGLAS
46045,SOUTH DAKOTA,EDMUNDS
46047,SOUTH DAKOTA,FALL RIVER
46049,SOUTH DAKOTA,FAULK
46051,SOUTH DAKOTA,GRANT
46053,SOUTH DAKOTA,GREGORY
46055,SOUTH DAKOTA,HAAKON
46057,SOUTH DAKOTA,HAMLIN
46059,SOUTH DAKOTA,HAND
46061,SOUTH DAKOTA,HANSON
46063,SOUTH DAKOTA,HARDING
46065,SOUTH DAKOTA,HUGHES
46067,SOUTH DAKOTA,HUTCHINSON
46069,SOUTH DAKOTA,HYDE
46071,SOUTH DAKOTA,JACKSON
46073,SOUTH DAKOTA,JERAULD
46075,SOUTH DAKOTA,JONES
46077,SOUTH DAKOTA,KINGSBURY
46079,SOUTH DAKOTA,LAKE
46081,SOUTH DAKOTA,LAWRENCE
46083,SOUTH DAKOTA,LINCOLN
46085,SOUTH DAKOTA,LYMAN
46087,SOUTH DAKOTA,MCCOOK
46089,SOUTH DAKOTA,MCPHERSON
46091,SOUTH DAKOTA,MARSHALL
46093,SOUTH DAKOTA,MEADE
46095,SOUTH DAKOTA,MELLETTE
46097,SOUTH DAKOTA,MINER
46099,SOUTH DAKOTA,MINNEHAHA
46101,SOUTH DAKOTA,MOODY
46102,SOUTH DAKOTA,OGLALA LAKOTA
46103,SOUTH DAKOTA,PENNINGTON
46105,SOUTH DAKOTA,PERKINS
46107,SOUTH DAKOTA,POTTER
46109,SOUTH DAKOTA,ROBERTS
46111,SOUTH DAKOTA,SANBORN
46115,SOUTH DAKOTA,SPINK
46117,SOUTH DAKOTA,STANLEY
46119,SOUTH DAKOTA,SULLY
46121,SOUTH DAKOTA,TODD
46123,SOUTH DAKOTA,TRIPP
46125,SOUTH DAKOTA,TURNER
46127,SOUTH DAKOTA,UNION
46129,SOUTH DAKOTA,WALWORTH
46135,SOUTH DAKOTA,YANKTON
46137,SOUTH DAKOTA,ZIEBACH
47001,TENNESSEE,ANDERSON
47003,TENNESSEE,BEDFORD
47005,TENNESSEE,BENTON
47007,TENNESSEE,BLEDSOE
47009,TENNESSEE,BLOUNT
47011,TENNESSEE,BRADLEY
47013,TENNESSEE,CAMPBELL
47015,TENNESSEE,CANNON
47017,TENNESSEE,CARROLL
47019,TENNESSEE,CARTER
47021,TENNESSEE,CHEATHAM
47023,TENNESSEE,CHESTER
47025,TENNESSEE,CLAIBORNE
47027,TENNESSEE,CLAY
47029,TENNESSEE,COCKE
47031,TENNESSEE,COFFEE
47033,TENNESSEE,CROCKETT
47035,TENNESSEE,CUMBERLAND
47037,TENNESSEE,DAVIDSON
47039,TENNESSEE,DECATUR
47041,TENNESSEE,DEKALB
47043,TENNESSEE,DICKSON
47045,TENNESSEE,DYER
47047,TENNESSEE,FAYETTE
47049,TENNESSEE,FENTRESS
47051,TENNESSEE,FRANKLIN
47053,TENNESSEE,GIBSON
47055,TENNESSEE,GILES
47057,TENNESSEE,GRAINGER
47059,TENNESSEE,GREENE
47061,TENNESSEE,GRUNDY
47063,TENNESSEE,HAMBLEN
47065,TENNESSEE,HAMILTON
47067,TENNESSEE,HANCOCK
47069,TENNESSEE,HARDEMAN
47071,TENNESSEE,HARDIN
47073,TENNESSEE,HAWKINS
47075,TENNESSEE,HAYWOOD
47077,TENNESSEE,HENDERSON
47079,TENNESSEE,HENRY
47081,TENNESSEE,HICKMAN
47083,TENNESSEE,HOUSTON
47085,TENNESSEE,HUMPHREYS
47087,TENNESSEE,JACKSON
47089,TENNESSEE,JEFFERSON
47091,TENNESSEE,JOHNSON
47093,TENNESSEE,KNOX
47095,TENNESSEE,LAKE
47097,TENNESSEE,LAUDERDALE
47099,TENNESSEE,LAWRENCE
47101,TENNESSEE,LEWIS
47103,TENNESSEE,LINCOLN
47105,TENNESSEE,LOUDON
47107,TENNESSEE,MCMINN
47109,TENNESSEE,MCNAIRY
47111,TENNESSEE,MACON
47113,TENNESSEE,MADISON
47115,TENNESSEE,MARION
47117,TENNESSEE,MARSHALL
47119,TENNESSEE,MAURY
47121,TENNESSEE,MEIGS
47123,TENNESSEE,MONROE
47125,TENNESSEE,MONTGOMERY
47127,TENNESSEE,MOORE
47129,TENNESSEE,MORGAN
47131,TENNESSEE,OBION
47133,TENNESSEE,OVERTON
47135,TENNESSEE,PERRY
47137,TENNESSEE,PICKETT
47139,TENNESSEE,POLK
47141,TENNESSEE,PUTNAM
47143,TENNESSEE,RHEA
47145,TENNESSEE,ROANE
47147,TENNESSEE,ROBERTSON
47149,TENNESSEE,RUTHERFORD
47151,TENNESSEE,SCOTT
47153,TENNESSEE,SEQUATCHIE
47155,TENNESSEE,SEVIER
47157,TENNESSEE,SHELBY
47159,TENNESSEE,SMITH
47161,TENNESSEE,STEWART
47163,TENNESSEE,SULLIVAN
47165,TENNESSEE,SUMNER
47167,TENNESSEE,TIPTON
47169,TENNESSEE,TROUSDALE
47171,TENNESSEE,UNICOI
47173,TENNESSEE,UNION
47175,TENNESSEE,VAN BUREN
47177,TENNESSEE,WARREN
47179,TENNESSEE,WASHINGTON
47181,TENNESSEE,WAYNE
47183,TENNESSEE,WEAKLEY
47185,TENNESSEE,WHITE
47187,TENNESSEE,WILLIAMSON
47189,TENNESSEE,WILSON
48001,TEXAS,ANDERSON
48003,TEXAS,ANDREWS
48005,TEXAS,ANGELINA
48007,TEXAS,ARANSAS
48009,TEXAS,ARCHER
48011,TEXAS,ARMSTRONG
48013,TEXAS,ATASCOSA
48015,TEXAS,AUSTIN
48017,TEXAS,BAILEY
48019,TEXAS,BANDERA
48021,TEXAS,BASTROP
48023,TEXAS,BAYLOR
48025,TEXAS,BEE
48027,TEXAS,BELL
48029,TEXAS,BEXAR
48031,TEXAS,BLANCO
48033,TEXAS,BORDEN
48035,TEXAS,BOSQUE
48037,TEXAS,BOWIE
48039,TEXAS,BRAZORIA
48041,TEXAS,BRAZOS
48043,TEXAS,BREWSTER
48045,TEXAS,BRISCOE
48047,TEXAS,BROOKS
48049,TEXAS,BROWN
48051,TEXAS,BURLESON
48053,TEXAS,BURNET
48055,TEXAS,CALDWELL
48057,TEXAS,CALHOUN
48059,TEXAS,CALLAHAN
48061,TEXAS,CAMERON
48063,TEXAS,CAMP
48065,TEXAS,CARSON
48067,TEXAS,CASS
48069,TEXAS,CASTRO
48071,TEXAS,CHAMBERS
48073,TEXAS,CHEROKEE
48075,TEXAS,CHILDRESS
48077,TEXAS,CLAY
48079,TEXAS,COCHRAN
48081,TEXAS,COKE
48083,TEXAS,COLEMAN
48085,TEXAS,COLLIN
48087,TEXAS,COLLINGSWORTH
48089,TEXAS,COLORADO
48091,TEXAS,COMAL
48093,TEXAS,COMANCHE
48095,TEXAS,CONCHO
48097,TEXAS,COOKE
48099,TEXAS,CORYELL
48101,TEXAS,COTTLE
48103,TEXAS,CRANE
48105,TEXAS,CROCKETT
48107,TEXAS,CROSBY
48109,TEXAS,CULBERSON
48111,TEXAS,DALLAM
48113,TEXAS,DALLAS
48115,TEXAS,DAWSON
48117,TEXAS,DEAF SMITH
48119,TEXAS,DELTA
48121,TEXAS,DENTON
48123,TEXAS,DEWITT
48125,TEXAS,DICKENS
48127,TEXAS,DIMMIT
48129,TEXAS,DONLEY
48131,TEXAS,DUVAL
48133,TEXAS,EASTLAND
48135,TEXAS,ECTOR
48137,TEXAS,EDWARDS
48139,TEXAS,ELLIS
48141,TEXAS,EL PASO
48143,TEXAS,ERATH
48145,TEXAS,FALLS
48147,TEXAS,FANNIN
48149,TEXAS,FAYETTE
48151,TEXAS,FISHER
48153,TEXAS,FLOYD
48155,TEXAS,FOARD
48157,TEXAS,FORT BEND
48159,TEXAS,FRANKLIN
48161,TEXAS,FREESTONE
48163,TEXAS,FRIO
48165,TEXAS,GAINES
48167,TEXAS,GALVESTON
48169,TEXAS,GARZA
48171,TEXAS,GILLESPIE
48173,TEXAS,GLASSCOCK
48175,TEXAS,GOLIAD
48177,TEXAS,GONZALES
48179,TEXAS,GRAY
48181,TEXAS,GRAYSON
48183,TEXAS,GREGG
48185,TEXAS,GRIMES
48187,TEXAS,GUADALUPE
48189,TEXAS,HALE
48191,TEXAS,HALL
48193,TEXAS,HAMILTON
48195,TEXAS,HANSFORD
48197,TEXAS,HARDEMAN
48199,TEXAS,HARDIN
48201,TEXAS,HARRIS
48203,TEXAS,HARRISON
48205,TEXAS,HARTLEY
48207,TEXAS,HASKELL
48209,TEXAS,HAYS
48211,TEXAS,HEMPHILL
48213,TEXAS,HENDERSON
48215,TEXAS,HIDALGO
48217,TEXAS,HILL
48219,TEXAS,HOCKLEY
48221,TEXAS,HOOD
48223,TEXAS,HOPKINS
48225,TEXAS,HOUSTON
48227,TEXAS,HOWARD
48229,TEXAS,HUDSPETH
48231,TEXAS,HUNT
48233,TEXAS,HUTCHINSON
48235,TEXAS,IRION
48237,TEXAS,JACK
48239,TEXAS,JACKSON
48241,TEXAS,JASPER
48243,TEXAS,JEFF DAVIS
48245,TEXAS,JEFFERSON
48247,TEXAS,JIM HOGG
48249,TEXAS,JIM WELLS
48251,TEXAS,JOHNSON
48253,TEXAS,JONES
48255,TEXAS,KARNES
48257,TEXAS,KAUFMAN
48259,TEXAS,KENDALL
48261,TEXAS,KENEDY
48263,TEXAS,KENT
48265,TEXAS,KERR
48267,TEXAS,KIMBLE
48269,TEXAS,KING
48271,TEXAS,KINNEY
48273,TEXAS,KLEBERG
48275,TEXAS,KNOX
48277,TEXAS,LAMAR
48279,TEXAS,LAMB
48281,TEXAS,LAMPASAS
48283,TEXAS,LA SALLE
48285,TEXAS,LAVACA
48287,TEXAS,LEE
48289,TEXAS,LEON
48291,TEXAS,LIBERTY
48293,TEXAS,LIMESTONE
48295,TEXAS,LIPSCOMB
48297,TEXAS,LIVE OAK
48299,TEXAS,LLANO
48301,TEXAS,LOVING
48303,TEXAS,LUBBOCK
48305,TEXAS,LYNN
48307,TEXAS,MCCULLOCH
48309,TEXAS,MCLENNAN
48311,TEXAS,MCMULLEN
48313,TEXAS,MADISON
48315,TEXAS,MARION
48317,TEXAS,MARTIN
48319,TEXAS,MASON
48321,TEXAS,MATAGORDA
48323,TEXAS,MAVERICK
48325,TEXAS,MEDINA
48327,TEXAS,MENARD
48329,TEXAS,MIDLAND
48331,TEXAS,MILAM
48333,TEXAS,MILLS
48335,TEXAS,MITCHELL
48337,TEXAS,MONTAGUE
48339,TEXAS,MONTGOMERY
48341,TEXAS,MOORE
48343,TEXAS,MORRIS
48345,TEXAS,MOTLEY
48347,TEXAS,NACOGDOCHES
48349,TEXAS,NAVARRO
48351,TEXAS,NEWTON
48353,TEXAS,NOLAN
48355,TEXAS,NUECES
48357,TEXAS,OCHILTREE
48359,TEXAS,OLDHAM
48361,TEXAS,ORANGE
48363,TEXAS,PALO PINTO
48365,TEXAS,PANOLA
48367,TEXAS,PARKER
48369,TEXAS,PARMER
48371,TEXAS,PECOS
48373,TEXAS,POLK
48375,TEXAS,POTTER
48377,TEXAS,PRESIDIO
48379,TEXAS,RAINS
48381,TEXAS,RANDALL
48383,TEXAS,REAGAN
48385,TEXAS,REAL
48387,TEXAS,RED RIVER
48389,TEXAS,REEVES
48391,TEXAS,REFUGIO
48393,TEXAS,ROBERTS
48395,TEXAS,ROBERTSON
48397,TEXAS,ROCKWALL
48399,TEXAS,RUNNELS
48401,TEXAS,RUSK
48403,TEXAS,SABINE
48405,TEXAS,SAN AUGUSTINE
48407,TEXAS,SAN JACINTO
48409,TEXAS,SAN PATRICIO
48411,TEXAS,SAN SABA
48413,TEXAS,SCHLEICHER
48415,TEXAS,SCURRY
48417,TEXAS,SHACKELFORD
48419,TEXAS,SHELBY
48421,TEXAS,SHERMAN
48423,TEXAS,SMITH
48425,TEXAS,SOMERVELL
48427,TEXAS,STARR
48429,TEXAS,STEPHENS
48431,TEXAS,STERLING
48433,TEXAS,STONEWALL
48435,TEXAS,SUTTON
48437,TEXAS,SWISHER
48439,TEXAS,TARRANT
48441,TEXAS,TAYLOR
48443,TEXAS,TERRELL
48445,TEXAS,TERRY
48447,TEXAS,THROCKMORTON
48449,TEXAS,TITUS
48451,TEXAS,TOM GREEN
48453,TEXAS,TRAVIS
48455,TEXAS,TRINITY
48457,TEXAS,TYLER
48459,TEXAS,UPSHUR
48461,TEXAS,UPTON
48463,TEXAS,UVALDE
48465,TEXAS,VAL VERDE
48467,TEXAS,VAN ZANDT
48469,TEXAS,VICTORIA
48471,TEXAS,WALKER
48473,TEXAS,WALLER
48475,TEXAS,WARD
48477,TEXAS,WASHINGTON
48479,TEXAS,WEBB
48481,TEXAS,WHARTON
48483,TEXAS,WHEELER
48485,TEXAS,WICHITA
48487,TEXAS,WILBARGER
48489,TEXAS,WILLACY
48491,TEXAS,WILLIAMSON
48493,TEXAS,WILSON
48495,TEXAS,WINKLER
48497,TEXAS,WISE
48499,TEXAS,WOOD
48501,TEXAS,YOAKUM
48503,TEXAS,YOUNG
48505,TEXAS,ZAPATA
48507,TEXAS,ZAVALA
49001,UTAH,BEAVER
49003,UTAH,BOX ELDER
49005,UTAH,CACHE
49007,UTAH,CARBON
49009,UTAH,DAGGETT
49011,UTAH,DAVIS
49013,UTAH,DUCHESNE
49015,UTAH,EMERY
49017,UTAH,GARFIELD
49019,UTAH,GRAND
49021,UTAH,IRON
49023,UTAH,JUAB
49025,UTAH,KANE
49027,UTAH,MILLARD
49029,UTAH,MORGAN
49031,UTAH,PIUTE
49033,UTAH,RICH
49035,UTAH,SALT LAKE
49037,UTAH,SAN JUAN
49039,UTAH,SANPETE
49041,UTAH,SEVIER
49043,UTAH,SUMMIT
49045,UTAH,TOOELE
49047,UTAH,UINTAH
49049,UTAH,UTAH
49051,UTAH,WASATCH
49053,UTAH,WASHINGTON
49055,UTAH,WAYNE
49057,UTAH,WEBER
50001,VERMONT,ADDISON
50003,VERMONT,BENNINGTON
50005,VERMONT,CALEDONIA
50007,VERMONT,CHITTENDEN
50009,VERMONT,ESSEX
50011,VERMONT,FRANKLIN
50013,VERMONT,GRAND ISLE
50015,VERMONT,LAMOILLE
50017,VERMONT,ORANGE
50019,VERMONT,ORLEANS
50021,VERMONT,RUTLAND
50023,VERMONT,WASHINGTON
50025,VERMONT,WINDHAM
50027,VERMONT,WINDSOR
51001,VIRGINIA,ACCOMACK
51003,VIRGINIA,ALBEMARLE
51005,VIRGINIA,ALLEGHANY
51007,VIRGINIA,AMELIA
51009,VIRGINIA,AMHERST
51011,VIRGINIA,APPOMATTOX
51013,VIRGINIA,ARLINGTON
51015,VIRGINIA,AUGUSTA
51017,VIRGINIA,BATH
51019,VIRGINIA,BEDFORD
51021,VIRGINIA,BLAND
51023,VIRGINIA,BOTETOURT
51025,VIRGINIA,BRUNSWICK
51027,VIRGINIA,BUCHANAN
51029,VIRGINIA,BUCKINGHAM
51031,VIRGINIA,CAMPBELL
51033,VIRGINIA,CAROLINE
51035,VIRGINIA,CARROLL
51036,VIRGINIA,CHARLES CITY
51037,VIRGINIA,CHARLOTTE
51041,VIRGINIA,CHESTERFIELD
51043,VIRGINIA,CLARKE
51045,VIRGINIA,CRAIG
51047,VIRGINIA,CULPEPER
51049,VIRGINIA,CUMBERLAND
51051,VIRGINIA,DICKENSON
51053,VIRGINIA,DINWIDDIE
51057,VIRGINIA,ESSEX
51059,VIRGINIA,FAIRFAX
51061,VIRGINIA,FAUQUIER
51063,VIRGINIA,FLOYD
51065,VIRGINIA,FLUVANNA
51067,VIRGINIA,FRANKLIN
51069,VIRGINIA,FREDERICK
51071,VIRGINIA,GILES
51073,VIRGINIA,GLOUCESTER
51075,VIRGINIA,GOOCHLAND
51077,VIRGINIA,GRAYSON
51079,VIRGINIA,GREENE
51081,VIRGINIA,GREENSVILLE
51083,VIRGINIA,HALIFAX
51085,VIRGINIA,HANOVER
51087,VIRGINIA,HENRICO
51089,VIRGINIA,HENRY
51091,VIRGINIA,HIGHLAND
51093,VIRGINIA,ISLE OF WIGHT
51095,VIRGINIA,JAMES CITY
51097,VIRGINIA,KING AND QUEEN
51099,VIRGINIA,KING GEORGE
51101,VIRGINIA,KING WILLIAM
51103,VIRGINIA,LANCASTER
51105,VIRGINIA,LEE
51107,VIRGINIA,LOUDOUN
51109,VIRGINIA,LOUISA
51111,VIRGINIA,LUNENBURG
51113,VIRGINIA,MADISON
51115,VIRGINIA,MATHEWS
51117,VIRGINIA,MECKLENBURG
51119,VIRGINIA,MIDDLESEX
51121,VIRGINIA,MONTGOMERY
51125,VIRGINIA,NELSON
51127,VIRGINIA,NEW KENT
51131,VIRGINIA,NORTHAMPTON
51133,VIRGINIA,NORTHUMBERLAND
51135,VIRGINIA,NOTTOWAY
51137,VIRGINIA,ORANGE
51139,VIRGINIA,PAGE
51141,VIRGINIA,PATRICK
51143,VIRGINIA,PITTSYLVANIA
51145,VIRGINIA,POWHATAN
51147,VIRGINIA,PRINCE EDWARD
51149,VIRGINIA,PRINCE GEORGE
51153,VIRGINIA,PRINCE WILLIAM
51155,VIRGINIA,PULASKI
51157,VIRGINIA,RAPPAHANNOCK
51159,VIRGINIA,RICHMOND
51161,VIRGINIA,ROANOKE
51163,VIRGINIA,ROCKBRIDGE
51165,VIRGINIA,ROCKINGHAM
51167,VIRGINIA,RUSSELL
51169,VIRGINIA,SCOTT
51171,VIRGINIA,SHENANDOAH
51173,VIRGINIA,SMYTH
51175,VIRGINIA,SOUTHAMPTON
51177,VIRGINIA,SPOTSYLVANIA
51179,VIRGINIA,STAFFORD
51181,VIRGINIA,SURRY
51183,VIRGINIA,SUSSEX
51185,VIRGINIA,TAZEWELL
51187,VIRGINIA,WARREN
51191,VIRGINIA,WASHINGTON
51193,VIRGINIA,WESTMORELAND
51195,VIRGINIA,WISE
51197,VIRGINIA,WYTHE
51199,VIRGINIA,YORK
51510,VIRGINIA,ALEXANDRIA CITY
51520,VIRGINIA,BRISTOL
51530,VIRGINIA,BUENA VISTA CITY
51540,VIRGINIA,CHARLOTTESVILLE CITY
51550,VIRGINIA,CHESAPEAKE CITY
51570,VIRGINIA,COLONIAL HEIGHTS CITY
51580,VIRGINIA,COVINGTON CITY
51590,VIRGINIA,DANVILLE CITY
51595,VIRGINIA,EMPORIA CITY
51600,VIRGINIA,FAIRFAX CITY
51610,VIRGINIA,FALLS CHURCH CITY
51620,VIRGINIA,FRANKLIN CITY
51630,VIRGINIA,FREDERICKSBURG CITY
51640,VIRGINIA,GALAX CITY
51650,VIRGINIA,HAMPTON CITY
51660,VIRGINIA,HARRISONBURG CITY
51670,VIRGINIA,HOPEWELL CITY
51678,VIRGINIA,LEXINGTON CITY
51680,VIRGINIA,LYNCHBURG CITY
51683,VIRGINIA,MANASSAS CITY
51685,VIRGINIA,MANASSAS PARK CITY
51690,VIRGINIA,MARTINSVILLE CITY
51700,VIRGINIA,NEWPORT NEWS CITY
51710,VIRGINIA,NORFOLK CITY
51720,VIRGINIA,NORTON CITY
51730,VIRGINIA,PETERSBURG CITY
51735,VIRGINIA,POQUOSON CITY
51740,VIRGINIA,PORTSMOUTH CITY
51750,VIRGINIA,RADFORD
51760,VIRGINIA,RICHMOND CITY
51770,VIRGINIA,ROANOKE CITY
51775,VIRGINIA,SALEM
51790,VIRGINIA,STAUNTON CITY
51800,VIRGINIA,SUFFOLK CITY
51810,VIRGINIA,VIRGINIA BEACH CITY
51820,VIRGINIA,WAYNESBORO CITY
51830,VIRGINIA,WILLIAMSBURG CITY
51840,VIRGINIA,WINCHESTER CITY
53001,WASHINGTON,ADAMS
53003,WASHINGTON,ASOTIN
53005,WASHINGTON,BENTON
53007,WASHINGTON,CHELAN
53009,WASHINGTON,CLALLAM
53011,WASHINGTON,CLARK
53013,WASHINGTON,COLUMBIA
53015,WASHINGTON,COWLITZ
53017,WASHINGTON,DOUGLAS
53019,WASHINGTON,FERRY
53021,WASHINGTON,FRANKLIN
53023,WASHINGTON,GARFIELD
53025,WASHINGTON,GRANT
53027,WASHINGTON,GRAYS HARBOR
53029,WASHINGTON,ISLAND
53031,WASHINGTON,JEFFERSON
53033,WASHINGTON,KING
53035,WASHINGTON,KITSAP
53037,WASHINGTON,KITTITAS
53039,WASHINGTON,KLICKITAT
53041,WASHINGTON,LEWIS
53043,WASHINGTON,LINCOLN
53045,WASHINGTON,MASON
53047,WASHINGTON,OKANOGAN
53049,WASHINGTON,PACIFIC
53051,WASHINGTON,PEND OREILLE
53053,WASHINGTON,PIERCE
53055,WASHINGTON,SAN JUAN
53057,WASHINGTON,SKAGIT
53059,WASHINGTON,SKAMANIA
53061,WASHINGTON,SNOHOMISH
53063,WASHINGTON,SPOKANE
53065,WASHINGTON,STEVENS
53067,WASHINGTON,THURSTON
53069,WASHINGTON,WAHKIAKUM
53071,WASHINGTON,WALLA WALLA
53073,WASHINGTON,WHATCOM
53075,WASHINGTON,WHITMAN
53077,WASHINGTON,YAKIMA
54001,WEST VIRGINIA,BARBOUR
54003,WEST VIRGINIA,BERKELEY
54005,WEST VIRGINIA,BOONE
54007,WEST VIRGINIA,BRAXTON
54009,WEST VIRGINIA,BROOKE
54011,WEST VIRGINIA,CABELL
54013,WEST VIRGINIA,CALHOUN
54015,WEST VIRGINIA,CLAY
54017,WEST VIRGINIA,DODDRIDGE
54019,WEST VIRGINIA,FAYETTE
54021,WEST VIRGINIA,GILMER
54023,WEST VIRGINIA,GRANT
54025,WEST VIRGINIA,GREENBRIER
54027,WEST VIRGINIA,HAMPSHIRE
54029,WEST VIRGINIA,HANCOCK
54031,WEST VIRGINIA,HARDY
54033,WEST VIRGINIA,HARRISON
54035,WEST VIRGINIA,JACKSON
54037,WEST VIRGINIA,JEFFERSON
54039,WEST VIRGINIA,KANAWHA
54041,WEST VIRGINIA,LEWIS
54043,WEST VIRGINIA,LINCOLN
54045,WEST VIRGINIA,LOGAN
54047,WEST VIRGINIA,MCDOWELL
54049,WEST VIRGINIA,MARION
54051,WEST VIRGINIA,MARSHALL
54053,WEST VIRGINIA,MASON
54055,WEST VIRGINIA,MERCER
54057,WEST VIRGINIA,MINERAL
54059,WEST VIRGINIA,MINGO
54061,WEST VIRGINIA,MONONGALIA
54063,WEST VIRGINIA,MONROE
54065,WEST VIRGINIA,MORGAN
54067,WEST VIRGINIA,NICHOLAS
54069,WEST VIRGINIA,OHIO
54071,WEST VIRGINIA,PENDLETON
54073,WEST VIRGINIA,PLEASANTS
54075,WEST VIRGINIA,POCAHONTAS
54077,WEST VIRGINIA,PRESTON
54079,WEST VIRGINIA,PUTNAM
54081,WEST VIRGINIA,RALEIGH
54083,WEST VIRGINIA,RANDOLPH
54085,WEST VIRGINIA,RITCHIE
54087,WEST VIRGINIA,ROANE
54089,WEST VIRGINIA,SUMMERS
54091,WEST VIRGINIA,TAYLOR
54093,WEST VIRGINIA,TUCKER
54095,WEST VIRGINIA,TYLER
54097,WEST VIRGINIA,UPSHUR
54099,WEST VIRGINIA,WAYNE
54101,WEST VIRGINIA,WEBSTER
54103,WEST VIRGINIA,WETZEL
54105,WEST VIRGINIA,WIRT
54107,WEST VIRGINIA,WOOD
54109,WEST VIRGINIA,WYOMING
55001,WISCONSIN,ADAMS
55003,WISCONSIN,ASHLAND
55005,WISCONSIN,BARRON
55007,WISCONSIN,BAYFIELD
55009,WISCONSIN,BROWN
55011,WISCONSIN,BUFFALO
55013,WISCONSIN,BURNETT
55015,WISCONSIN,CALUMET
55017,WISCONSIN,CHIPPEWA
55019,WISCONSIN,CLARK
55021,WISCONSIN,COLUMBIA
55023,WISCONSIN,CRAWFORD
55025,WISCONSIN,DANE
55027,WISCONSIN,DODGE
55029,WISCONSIN,DOOR
55031,WISCONSIN,DOUGLAS
55033,WISCONSIN,DUNN
55035,WISCONSIN,EAU CLAIRE
55037,WISCONSIN,FLORENCE
55039,WISCONSIN,FOND DU LAC
55041,WISCONSIN,FOREST
55043,WISCONSIN,GRANT
55045,WISCONSIN,GREEN
55047,WISCONSIN,GREEN LAKE
55049,WISCONSIN,IOWA
55051,WISCONSIN,IRON
55053,WISCONSIN,JACKSON
55055,WISCONSIN,JEFFERSON
55057,WISCONSIN,JUNEAU
55059,WISCONSIN,KENOSHA
55061,WISCONSIN,KEWAUNEE
55063,WISCONSIN,LA CROSSE
55065,WISCONSIN,LAFAYETTE
55067,WISCONSIN,LANGLADE
55069,WISCONSIN,LINCOLN
55071,WISCONSIN,MANITOWOC
55073,WISCONSIN,MARATHON
55075,WISCONSIN,MARINETTE
55077,WISCONSIN,MARQUETTE
55078,WISCONSIN,MENOMINEE
55079,WISCONSIN,MILWAUKEE
55081,WISCONSIN,MONROE
55083,WISCONSIN,OCONTO
55085,WISCONSIN,ONEIDA
55087,WISCONSIN,OUTAGAMIE
55089,WISCONSIN,OZAUKEE
55091,WISCONSIN,PEPIN
55093,WISCONSIN,PIERCE
55095,WISCONSIN,POLK
55097,WISCONSIN,PORTAGE
55099,WISCONSIN,PRICE
55101,WISCONSIN,RACINE
55103,WISCONSIN,RICHLAND
55105,WISCONSIN,ROCK
55107,WISCONSIN,RUSK
55109,WISCONSIN,ST CROIX
55111,WISCONSIN,SAUK
55113,WISCONSIN,SAWYER
55115,WISCONSIN,SHAWANO
55117,WISCONSIN,SHEBOYGAN
55119,WISCONSIN,TAYLOR
55121,WISCONSIN,TREMPEALEAU
55123,WISCONSIN,VERNON
55125,WISCONSIN,VILAS
55127,WISCONSIN,WALWORTH
55129,WISCONSIN,WASHBURN
55131,WISCONSIN,WASHINGTON
55133,WISCONSIN,WAUKESHA
55135,WISCONSIN,WAUPACA
55137,WISCONSIN,WAUSHARA
55139,WISCONSIN,WINNEBAGO
55141,WISCONSIN,WOOD
56001,WYOMING,ALBANY
56003,WYOMING,BIG HORN
56005,WYOMING,CAMPBELL
56007,WYOMING,CARBON
56009,WYOMING,CONVERSE
56011,WYOMING,CROOK
56013,WYOMING,FREMONT
56015,WYOMING,GOSHEN
56017,WYOMING,HOT SPRINGS
56019,WYOMING,JOHNSON
56021,WYOMING,LARAMIE
56023,WYOMING,LINCOLN
56025,WYOMING,NATRONA
56027,WYOMING,NIOBRARA
56029,WYOMING,PARK
56031,WYOMING,PLATTE
56033,WYOMING,SHERIDAN
56035,WYOMING,SUBLETTE
56037,WYOMING,SWEETWATER
56039,WYOMING,TETON
56041,WYOMING,UINTA
56043,WYOMING,WASHAKIE
56045,WYOMING,WESTON
72001,PUERTO RICO,ADJUNTAS
72003,PUERTO RICO,AGUADA
72005,PUERTO RICO,AGUADILLA
72007,PUERTO RICO,AGUAS BUENAS
72009,PUERTO RICO,AIBONITO
72011,PUERTO RICO,AASCO
72013,PUERTO RICO,ARECIBO
72015,PUERTO RICO,ARROYO
72017,PUERTO RICO,BARCELONETA
72019,PUERTO RICO,BARRANQUITAS
72021,PUERTO RICO,BAYAMN
72023,PUERTO RICO,CABO ROJO
72025,PUERTO RICO,CAGUAS
72027,PUERTO RICO,CAMUY
72029,PUERTO RICO,CANVANAS
72031,PUERTO RICO,CAROLINA
72033,PUERTO RICO,CATAO
72035,PUERTO RICO,CAYEY
72037,PUERTO RICO,CEIBA
72039,PUERTO RICO,CIALES
72041,PUERTO RICO,CIDRA
72043,PUERTO RICO,COAMO
72045,PUERTO RICO,COMERO
72047,PUERTO RICO,COROZAL
72049,PUERTO RICO,CULEBRA
72051,PUERTO RICO,DORADO
72053,PUERTO RICO,FAJARDO
72054,PUERTO RICO,FLORIDA
72055,PUERTO RICO,GUNICA
72057,PUERTO RICO,GUAYAMA
72059,PUERTO RICO,GUAYANILLA
72061,PUERTO RICO,GUAYNABO
72063,PUERTO RICO,GURABO
72065,PUERTO RICO,HATILLO
72067,PUERTO RICO,HORMIGUEROS
72069,PUERTO RICO,HUMACAO
72071,PUERTO RICO,ISABELA
72073,PUERTO RICO,JAYUYA
72075,PUERTO RICO,JUANA DIAZ
72077,PUERTO RICO,JUNCOS
72079,PUERTO RICO,LAJAS
72081,PUERTO RICO,LARES
72083,PUERTO RICO,LAS MARAS
72085,PUERTO RICO,LAS PIEDRAS
72087,PUERTO RICO,LOZA
72089,PUERTO RICO,LUQUILLO
72091,PUERTO RICO,MANAT
72093,PUERTO RICO,MARICAO
72095,PUERTO RICO,MAUNABO
72097,PUERTO RICO,MAYAGEZ
72099,PUERTO RICO,MOCA
72101,PUERTO RICO,MOROVIS
72103,PUERTO RICO,NAGUABO
72105,PUERTO RICO,NARANJITO
72107,PUERTO RICO,OROCOVIS
72109,PUERTO RICO,PATILLAS
72111,PUERTO RICO,PEUELAS
72113,PUERTO RICO,PONCE
72115,PUERTO RICO,QUEBRADILLAS
72117,PUERTO RICO,RINCN
72119,PUERTO RICO,RIO GRANDE
72121,PUERTO RICO,SABANA GRANDE
72123,PUERTO RICO,SALINAS
72125,PUERTO RICO,SAN GERMN
72127,PUERTO RICO,SAN JUAN
72129,PUERTO RICO,SAN LORENZO
72131,PUERTO RICO,SAN SEBASTIN
72133,PUERTO RICO,SANTA ISABEL
72135,PUERTO RICO,TOA ALTA
72137,PUERTO RICO,TOA BAJA
72139,PUERTO RICO,TRUJILLO ALTO
72141,PUERTO RICO,UTUADO
72143,PUERTO RICO,VEGA ALTA
72145,PUERTO RICO,VEGA BAJA
72147,PUERTO RICO,VIEQUES
72149,PUERTO RICO,VILLALBA
72151,PUERTO RICO,YABUCOA
72153,PUERTO RICO,YAUCO
